abyukyo
agawa yoshiharu
hinata
hinoue itaru
takaya shunichi
toki
kirome
shin fuzen

oosawa ofuda
osana sumika
panbai
paragasu
poccora
puritei
ryu iisou
sekiya asami
shirane taito
shishimaru kenya
smac
soso-zagri
soyosoyo
sugoi kinniku
imaki hitotose
isawa nohri
iso nogi
itouya
izumi tsubasu
muroi yuuki
mushikera hoihoi
musshu kamayatsu
naganeko
nasipasuta
natsuki shuri
nepuka
nikushiki
nogiwa kaede
nukunuku
kazumi yuana
kuuya
kyockcho
mako kujira
mint green
mita kazuo
miyasaka takaji
miyuki
mizutani hitomi
momoiro ieko
murasaki
murasaki nyaa
kakushina nozomi
kamikaze makoto
watanuki kaname
yukyu ponzu


narumiya akira	成宮亨
dekosuke 18gou	デコ助18号
berose	べろせ
089taro	089タロー
100 yen locker	100円ロッカー
100yen locker	100円ロッカー
100円ロッカー	100円ロッカー
108 gou	100号
10mo	10mo
119	119
144	144
212	212
23	23
2gou	2号
2t	2T
3e (dodai shouji)	3E (土代昭治)
3u	3u
774	774
774 house (774)	774ハウス (774)
774 house (nanashi)	774ハウス (774)
774 nanashi	774
7zu7	7Zu7
8000	8000
89	89
a-girls	A-Girls(万利休)(桜木HAL)(ツインテール)
a.k	A・K
a.o.i	A.O.I
a.s. hermes	A.S.ヘルメス
a/k/a kyounagon ayaya	A／K／A 京納言あやや
abe inori	阿部いのり
abe manabu	安部学
abe morioka	あべもりおか
abe tsukumo	あべつくも
abe yuki	阿部有軌
abhar	ABHAR, 深崎暮人
abogado powers (yoshizawa tomoaki)	アボガドパワーズ (吉澤友章)
aburidashi zakuro	あぶりだしざくろ
achumuchi	あちゅむち
active	アクティブ
adachi ken	あだちけん
adachi takumi	安達拓実
adachiken	あだちけん
aduki amaguri	あづき甘栗
aduma ren	あづま煉
adumi kazuki	あづみ一樹
agata	アガタ
agata ui	あがた有為
agekichi	あげきち
ahemaru	アヘ丸
ahobaka	AHOBAKA
ai mai	亜衣まい
aiba kyouko	相葉キョウコ
aida mai	英田舞
aida maki	相田麻希
aida saki	英田サキ
aieda nao	愛枝直
aikawa an	愛川あん
aikawa itaru	藍川いたる
aikawa kumika	あいかわくみか
aikawa ryou	相川りょう
ail soft	アイル
aimaitei umami	愛味亭うまみ
aimu yuu	愛夢由宇
aino chie	あいの智絵
ainose rin	あいのせりん
aita nikov	あいたにこふ
aito matoko	あいとまとこ
aiuchi nano	愛内なの
aiue oka	愛上陸
aiyoshi hazuki	藍吉はづき
aizawa hiroshi	あいざわひろし
aizawa sanae	相沢早苗
aizome goro	愛染五郎
aizome gorou	愛染五郎
aizumi hitsuji	相泉ひつじ
aizwa hiroshi (high risk revolution)	あいざわひろし (HIGH RISK REVOLUTION)
aji ponntarou	安治ぽん太郎
aji pontarou	安治ぽん太郎
ajishio	アジシオ
akagi	赤木
akagi asahito	赤城あさひと
akagi gijou	アカギギショウ
akagi gisho	アカギギショウ
akagi jun	赤木惇
akagi ryouichi (kamakiri)	赤木遼一 (カマキリ)
akagi shinden	赤城シンデン
akagi shun'ichi	赤城俊一
akahige	赤髭
akahira kirin	あかひらきりん
akahito	赤人
akahoshi kenji	赤星健次
akai lapis	紅衣らぴす
akai marunoshin	赤井丸乃進
akai mato	紅唯まと
akai suisei	あかいすいせい
akairo	あかゐろ
akanagi	あかなぎ
akane shuuhei	茜しゅうへい
akane souichi	明音そーいち
akari kyousuke	あかりきょうすけ
akari tsutsumi	つつみあかり
akasaka kazuhiro	赤坂かずひろ
akasha mitona	朱沙みとな
akatsuki	あかつき
akatsuki akane	あかつき茜
akatsuki hiziri	あかつき聖
akatsuki katsuie	暁勝家
akatsuki myuuto	赤月みゅうと
akatsuki touwa	朱月十話
akazawa red	あかざわRED
akechi shizuku	明地雫
akesaka iku	明坂いく
aki	秋
aki kyouma	秋恭魔
aki matsuri	亜木祭
aki suzuki	秋鈴木
akiba maou (akiha@)	秋葉魔王 (あきは@)
akiba nagiki	秋葉凪樹
akiba nagito	秋葉凪人
akiba ryu	暁葉龍
akichin	あきちん
akiduki kouta	秋月耕太
akifuji satoshi	あきふじさとし
akigami satoru	秋神サトル
akiha at	あきは@
akiha atto	あきは@
akiha@	あきは＠
akihiko	あきひこ
akihiko konoe	九巴昭彦
akiko fujii	ふじいあきこ
akiko morishima	森島明子
akikusa peperon	秋草ぺぺろん
akimbo (誤植之指摘不要並女人禁制之極)	Akimbo (誤植之指摘不要並女人禁制之極)
akinao	あきなお
akino hidefumi	秋乃秀文
akino konomi	秋乃このみ
akino sora	あきのそら
akino yuuhi	秋乃優日
akinosora	あきのそら
akira	あきら
akira sawano	澤野明
akira syou	憧明良
akishima shun	昭嶋しゅん
akitsuki hirozumi	秋月ひろずみ
akitsuki itsuki	秋月伊槻
akitsuki karasu	秋月からす
akiyama kenta	あきやまけんた
akiyama michio	秋山道夫
akiyoshi nana	あきよし菜魚
akiyoshi yoshiaki	あきよしよしあき
akizawa kazuhiko	秋澤和彦
akizora sawayaka	秋空さわやか
akizuki takahiro	秋月たかひろ
akuma	あくま
akuochisukii sensei	アクオチスキー先生
akuta noe	阿久多のえ
akuta rinko	あくた琳子
akutsu shun	阿久津俊
akutsu yoshiya	圷よしや
alde hyde	アルデヒド
alexi laiho	荒岸来歩
alice soft	ALICE SOFT
alicesoft	アリスソフト
allegro	あれぐろ
alp	あるぷ
alto seneka	或十せねか
amaama	あまあま
amadare yousai	アマダレ要塞
amadume ryuuta	甘詰留太
amagaeru	あまがえる
amagase haruyuki	天瀬晴之
amagi kei	亜麻木硅
amagi michihito	あまぎみちひと
amagi reno	天城れの
amagiri mio	雨霧MIO
amahara	天原
amakawa akito	あまかわあきと
amaki ichiko	天城一子
amakusa shiro	天草白
amami matoba	天海まとば
amami yukino	天海雪乃
amamiya jun	雨宮 淳
amamiya junko (amamiya jun)	あまみや淳子 (雨宮淳)
amamiya you	天宮耀
amamori moru	雨森モル
amanagi seiji	天凪青磁
amanatsu amane	甘夏あまね
amanatsu makoto	甘夏真琴
amane hibiki	雨音響
amane ruri	天音るり
amane shirou	あまね紫狼
amanita	Amanita
amano ameno	天野雨乃
amano chigiri	天野ちぎり
amano chiharu	天乃ちはる
amano hidemi	天野英美
amano jyaku	天野じゃく
amano kazumi	天乃一水
amano kouyou	天乃紅葉
amano koyo	天乃紅葉
amano kuguri	甘乃くぐり
amano miki	天望心喜
amano miyako	天野都
amano shuninta	天野しゅにんた
amano tamaki	天野タマキ
amano youki	あまの・よ～き
amanomiya haruka	天宮遙
amaori tatsuki	天織龍樹
amasaka takashi	天坂隆志
amashoku	あましょく
amasora taichi	天空太一
amatake akewo	甘竹朱郎
amatarou	天太郎
amato yuuki	天戸祐輝
amatsu sae	天津冴
amatsuki ruri	天月るり
amayumi	あまゆみ
amekasuri	あめかすり
ameno chihare	雨野智晴
ameto yuki	あめとゆき
ameya kirica	アメヤキリカ
ameyama denshin	雨山電信
amiko	アミ子
amiya mia	阿宮美亜
amou ayano	天羽アヤノ
amou mari	天羽真理
amu	あむ
anba masaru	鞍馬大
anchors	Anchors
ando hiroyuki	鷹勢優
andou hiroyuki	安藤裕行
andou tomoya	安藤智也
andy	ANDY
anim	Anim
anim×no limit	ANIM×ノーリミット
aniya yuiji	阿仁谷ユウジ
anma	安間
anmo night	暗藻ナイト
annin	あんにん
anno otohito	庵乃音人
ansemu	安世夢
anthology	アンソロジー
anthy	あんしー
anyakunin	暗躍人
anything (naop)	Anything(naop)
anza yuu	あんざ友
anzai michiru	安斉みちる
anzaki moral	杏咲モラル
ao banana	青ばなな
ao madousi	蒼惑う子
aohashi yutaka	青橋由高
aoi hatori	葵羽鳥
aoi hitori	葵ヒトリ
aoi mikan	葵蜜柑
aoi muramasa	蒼井村正
aoi nagisa	葵渚
aoi nishimata	西又葵
aoi shou	葵抄
aoi tiduru	葵井ちづる
aoi yumi	蒼井遊美
aoiro ereji	蒼色えれじ
aoiro ichigou	あお色一号
aoki kanji	青木幹治
aoki mamoru	青木守
aoki seishin	碧木誠心
aoko	Aoko
aomoto sari	碧本さり
aota kaya	蒼田カヤ
aoten	青点
aotsu umihito	蒼津ウミヒト
aoyama akira	蒼山哲
aoyama alto	青山アルト
aoyama aruto	青山あると
aoyama kazumi	青山一海
aozakana	青魚
aozora suzune	あおぞら鈴音
apple	APPLE
appleton	アップルトン
aragami ikaru	荒神伊火流
arai araya	荒井アラヤ
arai kaikan	荒井海鑑
arai kei	荒井啓
arai taiki	新井大器
arai yoshimi	荒井よしみ
arai yuu	新居佑
araiguma	あらいぐま
araizumi rui	あらいずみ♡るい
arakawa masami	新川雅美
araki akihito	荒木アキヒト
araki akira	あらきあきら
araki kyouya	荒木京也
araki you	あらきよう
arakure	あらくれ
aran rei	阿乱霊
aran-rei	阿乱霊
aranaga hikaru	あらなが輝
arao masaki	荒尾マサキ
araoshi yuu	あらおし悠
arasumi shii	安良澄椎
arata kaoru	新薫
aratama natsumi	新玉夏実
aratamaru	改多丸
araya miki	新也美樹
arcana mi	あるかな(mi)
arekishi raiho	荒岸来歩
arekusa mahone	荒草まほん
ari	あり
ariga tou	有賀冬
ariko youichi	有子瑶一
arikyo youichi	有子瑶一
arima zin	有馬侭
arimaki yoshio	ありまきよしお
arimura shinobu	有村しのぶ
arino hiroshi	ありのひろし
arisawa masaharu	有沢柾春
arisue tsukasa	有末つかさ
arisugawa yuuna	有栖川雄名
arkham/rewnoss	リューノス
aro hiroshi	あろひろし
aroma comic	アロマコミック
aroma comic vintage	アロマコミック ヴィンテージ
arou rei	あろうれい
arsenal	アーセナル
arsenal (yorimichi)	アーセナル (よりみち)
artemis	あるてみす
aru ra une	アル・ラ・ウネ
arumajiki	或真じき
aruto naruto	有人成徒
aruza ryuuto	あるざ流人
asa	ASA
asada okina	麻田起奈
asagi aya	あさぎあや
asagi miho	麻木未穂
asagi ryu	あさぎ龍
asagi ryuu	あさぎ龍
asagiri	:sagiri
asagiri yuu	あさぎり夕
asahi	旭
asahien rama	旭園らま
asahina hikage	アサヒナヒカゲ
asahina makoto	朝比奈まこと
asai you	浅井裕
asaki takayuki	朝木貴行
asakura blue	朝倉ブルー
asakura clock	朝倉クロック
asakura mitsuru	朝倉満
asami mahiru	朝海まひる
asamine tel	朝峰テル
asamori mizuki	朝森瑞季
asamori yukihiro	麻森ゆき洋
asanagi	朝凪
asano ai	あさの亜依
asano kaori	浅野香織
asano meyusi	浅野めゆし
asano shimon	アサノシモン
asanoha	麻の葉
asatsuki minami	朝月南
asazuki norito	浅月のりと
ash yokoshima	Ash横島
ashihara mizuho	葦原瑞穂
ashika	あしか
ashimoto yoika	あしもと☆よいか
ashimoto☆yoika	あしもと☆よいか
ashio	アシオ
ashiomi masato	アシオミマサト
ashiomimasato	アシオミマサト
ashiwara masahiro	葦原将軍
asio	アシオ
asou gatou	麻生我等
asou kai	麻生海
astronauts sirius	Astronauts Sirius
asuhiro	アスヒロ
asuka yumiki	飛鳥弓樹
asuna yuu	あすなゆう
at	バクシーシAT
atage	あたげ
atahuta	atahuta
ataka atsushi	安宅篤
atei rei	亜程麗
atelier kaguya	アトリエかぐや
atori k	あとりK
atte7kusa	あって七草
atyu muti	あちゅむち
aura seiji	あうら聖児
awaji himeji	あわじひめじ
awayume	淡夢
aya	藍夜
aya shachou	彩社長
aya:hito	AYA:hito
ayagami tatsuki	綾守竜樹
ayakase chiyoko	綾枷ちよこ
ayakawa mio	綾川みお
ayakawa riku	あやかわりく
ayane	あやね
ayano naoto	綾野なおと
ayano rei	綾野麗
ayano rena	綾乃れな
ayasaka mitsune	綾坂みつね
ayase hazuki	綾瀬はづき
ayase satomi	綾瀬さとみ
ayase totsuki	綾瀬とつき
ayasuke	あやすけ
ayato ayari	あやとあやり
ayukawa aoi	鮎川あおい
ayuma sayu	あゆま紗由
ayumi	AYUMI
ayumu.m	AYUMU.M
azami yoshinari	薊良成
azuha murasame	悪瑞派武羅雨
azuki kurenai	あずき紅
azukiko	あずきこ
azuma hideo	吾妻ひでお
azuma kyouto	東・京都
azuma sawayoshi	アズマサワヨシ
azuma shin	吾妻しん
azuma taira	東タイラ
azuma tesshin	東鉄神
azuma yuki	あずまゆき
azumahito	東人
azumi moka	安曇もか
azuse	あずせ
a・k	A・K
b village	B ビレッジ
b-river	B-RIVER
b.t. azuma	B.T.あづま
bahiyama	バヒ山
bai asuka	唄飛鳥
bakedanuki	バケダヌキ
bakunyu fullnerson (magoroku)	爆乳フルネルソン (マゴロク)
bakuya	ばくや
ban	ばん!
ban hisatoyo	伴久豊
ban kazuyasu	伴カズヤス
bandou shinkurou	坂東真紅郎
bang-you	BANG-YOU
bareisho	馬鈴薯
barlun	ばーるん
batsu	ばつ
bbsacon	Bbsacon
beat	Beat
beauty hair	ビューティ・ヘア
bee	bee
begirama	ベギラマ
bell's	Bell's
benantoka	Beなんとか
benimura karu	紅村かる
benjamin	ベンジャミン
benny's	BENNY'S
bennys	BENNYS
benny’s	BENNY'S
bifidus	ビフィダス
bifuu ryuuji	美風流司
bijogi junction	美女木ジャンクション
billion	Billion
binbi	びん美
binto	瓶人
bitch goigostar	ビッチ☆ゴイゴスター
bitch☆goigostar	ビッチ☆ゴイゴスター
biyondo	びよんど
bizen dorobune	備前泥舟
blackrainbow	BLACKRAINBOW
bless	BLESS
blmanian	ぶるまにあん
bloomer hogero	ぶるマほげろー
blue blood	BLUE BLOOD
blue gale	ブルーゲイル
blue gk	BlueGk
bob r	暴武R
bobobo	ボボボ
bokuto kimiha	僕刀君刃
bonnari	ぼんなり
bonten	梵典
booch	ぶーち
boss chin	BOSS珍
bosshi	ぼっしぃ
boui	暴威
bouningen	某人間
bowalia	Bowalia
bowcan	ぼーかん
branshea	ブランシェア
broiler	Broiler
brother pierrot	ブラザーピエロ
bu-chan	ぶーちゃん
bubuzuke	ぶぶづけ
bull terrier	ブルテリア
bun	ぶん
bunbon	ぶんぼん
bunny urasawa	ばにー浦沢
buraindogatei	武羅淫怒我帝
buranshea	ブランシェア
buriteri	鰤てり
buro.	いぶろー
butcha-u	ブッチャーU
butte	ぶって
byakkomaru	白虎丸
c.meiko	C.めーこ
c.r	しーあーる
c.r.	しーあーる
campbell gichou	キャンベル議長
captain kiesel	キャプテン キーゼル
captain scarlet	キャプテンスカーレット
caramel dow	きゃらめる堂
carmilla	かーみら
carn	夏庵
catapult	かたぱると
cesar	しーざー
cevoy	せぼい
ce汉化组	CE汉化组
chabin × aoi nagisa	茶瓶 & 葵渚
chaccu	CHACCU
chachaki noriyuki	茶々木紀之
chako	チャコ
champon miyabi	ちゃんぽん雅
chanpon miyabi	ちゃんぽん雅
charie	ちゃ～り～
charlie nishinaka	チャーリーにしなか
charu	茶琉
chataro	ちゃたろー
chatarou	ちゃたろー
cheewts	ちいうつ
cherry monkey	チェリー・モンキー
chiba chinatsu	千葉千夏
chiba dirou	ちば・ぢろう
chiba jirou	ちばぢろう
chiba shuusaku	千葉○作
chiba takerou	千葉毅郎
chiba tetsutarou	千葉哲太郎
chiba toshirou	チバトシロウ
chidoriashi	チドリアシ
chidorinu	チドリヌ
chiguchi miri	チグチミリ
chihiro	ちひろ
chihiro ogiue	荻上ちひろ
chiinosuke	ちいのすけ
chikaishi masashi	近石雅史
chikasato michiru	近里みちる
chikiko	チキコ
childwife(jitsuma)	childwife(児妻)
chimi	ちみチャンガ
chimichanga	ちみチャンガ
chimosaku	ちもさく
chimuri	ちむり
chin	Chin
chin tokusyu	珍・特集
china	茶否
chinbotsu	沈没
chinzurena	チンズリーナ
chinzuriina	ちんずりーな
chirimaya	ちりま
chirumakuro	ちるまくろ
chisato	チサト
chitose piyoko	千歳ぴよこ
chitose rin	ちとせ凛
chiyami	ちやみ
chiyou yoyuchi	千要よゆち
chobipero	ちょびぺろ
chocco coronetto	チョココロネット
choco pahe	チョコぱへ
chocopahe	チョコぱへ
chokoboll mukakoi.	チョコボール向囲
chosuke nagashima	ながしま超助
chouno shibuki	蝶野飛沫
chouzetsu bishoujo mine	超絶美少女mine
chouzetsu yarou	超絶野朗
chris tina	栗栖ティナ
chun rou zan	春籠漸
chunen	中年
chunrouzan	春籠漸
chuuka naruto	中華なると
chuushin kuranosuke	忠臣蔵之介
ciel	Ciel
circle ed (ed)	サークルED (ED)
circus	CIRCUS
cj michalski	CJ Michalski
cle masahiro	呉マサヒロ
cloba.u	くろば・U
clone ningen	Clone人間
clover	clover
cobalt ki	コバルト機
cobolt	こぼると
cocoa	ここあ
coconoe ricoco	九重リココ
coelacanth	しーらかんす
coffee kizoku	渣渣汉化组
coffee niku	コーヒー肉
coin rand	コインRAND
colors	colors
comaku	狛句
combat ecchu	戦闘的越中
comeon showme	花門初海
comiy	コミー
cool kyou shinja	クール教信者
core-suke	コア助
cosine	COSiNE
cotoji	琴慈
country farm	かんとり・ふぁーむ
courregesa	クレージュA
cremutsu cule	くれむつきゅーる
crimson	クリムゾン
crimson (carmine)	クリムゾン
cross	CROSS
crowe	クロエ
cuvie	Cuvie
cyberworks	Cyberworks
cyclone	サイクロン
cygnus	キグナス
cyocyo	ちょちょ
d.p	D.P
dagashi	駄菓子
dai 25 hohei shidan	第25歩兵師団
daidai	橙
daigo	DAIGO
daigorou	だいごろう
dairoku tenmaou great	第六天魔王グレート
daizu	大豆
daizusanchi	大豆産地
dakouin saburou	蛇光院三郎
dan oniroku x osada kaname	団鬼六×長田要
danbo	ダンボ
dangan sanshiroh	弾丸三四郎
dantetsu	断鉄
darabuchi	だらぶち
date	DATE
date fujiaki	伊達藤晃
dc project (dirty matsumoto)	DCプロジェクト (ダーティ松本)
deburasu	でぶらす
deep purple '72	深紫'72
deep purple 72	深柴'72
deep valley	ディープバレー
deizu nin	出井州忍
dekochin hammer	でこちんハンマー
dekosen takuji	デコセンタクジ
dekosuke	デコ助18号
delaware	でらうえあ
delta-m	DELTA・M
denjiro	DENJIRO
denki shougun	電気将軍
denkichi	でん吉
denkousekka gou	電光石火轟
densuke	田スケ
dhibi	ディビ
digital works	デジタルワークス
diisuke	ヂイスケ
dirty matsumoto	ダーティ松本
dirty okamoto	ダーティ岡本
distance	DISTANCE
ditama-bow	ぢたま某
dobato	ドバト
dodai shouji	土代昭治
dohi kensuke	土肥けんすけ
doi sakazaki	土居坂崎
doi yasutaka	土井やすたか
doku denpa	毒でんぱ
dokurosan	どくろさん
don shigeru	DON繁
donkey	Donkey
donnosuke	ドン之介
dorachefu	ドラチェフ
dorei jackie	奴隷ジャッキー
doru riheko	ドルリヘコ
doumou	DOUMOU
dowarukofu	どわるこふ
dowman sayman	道満晴明
dr. p	Dr.P
dr. ten	Dr.天
dr.momo	毒桃
dr.p	Dr.P
dr.raisuke	Dr.ライスケ
draft:minoru kawasaki manga:haruka inui	原･河崎実 漫･乾はるか
drain	Drain
drill jill	ドリル汁
drill jiru	ドリル汁
drill murata	ドリルムラタ
dulce-q	ダルシー研Q所
dunga	ドゥンガ
dynamite moca	ダイナマイトMoca
e-musu aki	いーむす・アキ
eb110ss	EB110SS
eba	EBA
ebifly	えびふらい
ebina ebi	海老名えび
ebinuma minami	蝦沼ミナミ
ebisumaru	恵比寿丸
eco filter	えこふぃるたぁ
ed	ED
eda mame	恵田真芽
edamame	恵田真芽
edara	枝空
edo shigezu	江戸しげズ
edo shigezu (eromafia)	江戸しげズ (エロマフィア)
edogawa gabal	江戸川ガバル
edogawa kc	江戸川KC
edogawa roman	江戸川浪漫
edoya pochi	江戸屋ぽち
eguchi hiroshi (aka f.s)	江口尋 (aka F・S)
ehime iyo	愛媛イヨ
eight man	えいとまん
eightman	えいとまん
eiichirou	瑛一朗
eimu yuu	影夢優
eiri kiku	鋭利菊
eisen	英戦
eitchna	エイチナ
ekakibit	えかきびと
ekz	EKZ
elf.k	elf.K
eltole	Eltole
ema	絵魔
emily	EMILY
emua	えむあ
en	えん
endo yoshiki	遠藤良危
endou hiroto	遠藤弘土
endou masatoshi	円桐まさとし
endou okito	袁藤沖人
engawa suguru	エンガワ卓
enji	エンジ
enjin yamimaru	円陣闇丸
eno akira	えのあきら
enoki tomoyuki	榎木知之
enomoto heights	榎本ハイツ
enomoto hidehira	榎本ひでひら
enzo enzou	エンゾ円蔵
enzou	エンゾウ
equal	イコール
erect sawaru	エレクトさわる
eromangaman	A・浪漫・我慢
erotica heaven	エロティカヘヴン
eru☆labo	える☆らぼ
esuo	えすお
eternal (moehime nenene)	eternal (萌姫ねねね)
ether	Ether
etoile	ETOILE
extreme	EXTREME
ezawa tamio	江沢民男
f&c	F&C
f.s	F・S
f4u	F4U
fairytale	フェアリーテール
faith	faith
fan no hitori	煌野一人
fantom	ふぁんとむ
fct	FCT
feena	FEENA
feenaa	FEENAA
fei	飛燕
feng	feng
fk696	Fk696
flowerchild	FLOWERCHILD
fontin	ふぉんてぃん
franken n	Franken N
freedom nakai	フリーダム中井
frontwing	フロントウイング
fu-ta	Fu-Ta
fuckuma	ふぁっ熊
fudematsuri keisuke	筆祭競介
fudematsuri kyousuke	筆祭競介
fudou ran	不動乱
fue	Fue
fuetakishi	フエタキシ
fuji katsupiko	ふじかつぴこ
fuji sangou	富士参號
fuji-han	ふじはん
fujibuchi takahisa	藤渕タカヒサ
fujii akiko	ふじいあきこ
fujii aya	藤井あや
fujii tooru	藤井とおる
fujikawa riko	藤川梨子
fujikawa ruri	藤河るり
fujikawa satoshi	不二河聡
fujima takuya	藤真拓哉
fujimaru	藤丸
fujimaru arikui	ふぢまるありくい
fujimi	藤味
fujimiya hiroshi	藤宮博士
fujimoto sei	ふじもとせい
fujimura ayao	藤村綾生
fujinami chinako	藤波ちなこ
fujinomiya yuu	藤ノ宮悠
fujio okamoto	おかもとふじお
fujioka tamae	藤岡タマエ
fujisaka kuuki	藤坂空樹
fujisaka lyric	藤坂リリック
fujisaki kou	藤崎こう
fujisaki makoto	藤咲真
fujisawa hisa	ふじさわひさ
fujisawa tatsurou	ふじさわたつろー
fujishima sei1go	藤島製1号
fujita jun	ふじたじゅん
fujitsuna	フジツナ
fujiwara shunichi	藤原俊一
fujiya	ふじや
fujiya yoshiko	富士屋好子
fujiyama	富士やま
fujiyama gu	藤山ぐう
fujiyama takashi	フジヤマタカシ
fujiyoshi	ふじよし
fukada takushi	深田拓士
fukaya miki	深谷美妃
fuku-ryu	伏竜
fukudahda	フクダーダ
fukuguri yuuto	福栗悠斗
fukumaaya	ふくまーや
fukumoto kouji	ふくもとこうじ
fukunaga yukito	福永ゆきと
fukunaga yumi	福永ユミ
fukura hagi	吹浦ハギ
fukuryuu	伏竜
fukutoku saori	福徳紗織
fukuyama naoto	復八磨直兎
fumihiko	ふみひこ
fumihiro	ふみひろ
fumii	ふみー
fumio	フミオ
fumizuki kou	文月晃
funabori nariaki	船堀斉晃
furisuku	ふりすく
furuta kazuya	古田一也
furuta kouta	古田航太
fuse haruka	布施はるか
futaba yae	双葉八重
futamaro	ふうたまろ
futokoro gatana	フトコロガタナ
futokorogatana	フトコロガタナ
futoshi slim	ふとしSLIM
futou ryouko	不透りょうこ
fuuga	楓牙
fuuga yuyu	風雅ゆゆ
fuusen club	風船クラブ
fuusen-club	風船クラブ
fuwa satoru	不破悟
fuwa shinri	不破慎理
fuyu mikan	冬みかん
fuyu naga	冬長
fuyujin sora	冬陣そら
fuyuno hitsuji	冬野ひつじ
fuyuno mikan	冬野みかん
fuyusaka koromo	冬坂ころも
fuyutugu	冬嗣
fuyuwa kotatsu	冬和こたつ
fuzisaka kuuki	藤坂空樹
g.b onodera	G.B小野寺
gaasan	がぁさん
gabri-l	雅舞罹-L
gamaguchi poyopi	ガマグチポヨピ
ganba matsumoto	ガンバ松本
ganmarei	眼魔礼
gantai penguin	眼帯ペンギン
gantai penguin (aka junny)	眼帯ペンギン (aka JUNNY)
gaou	がおう
gatou asou	麻生我等
gattsun	ガッツン
gedoushu	ゲドウシュウ
gedoushuu	ゲドウシュウ
gegera toshikazu	げげら俊和
gekka kaguya	火愚夜
gekka saeki	月下冴喜
geko	GEKO
gelatin	溝口ぜらちん
gemu555	GEMU555
gen	玄
gengorou	源五郎
gentle sasaki	ジェントル佐々木
gento	源斗
gentsuki	ゲンツキ
gepan	げぱん
gero	げろ
gesundheit	ゲズンタイト
gigi met	GIGIメット
gin	ぎん
gin yoku sukuryū	銀欲スクリュー
ginkamen	銀仮面
gintarou	ぎん太郎
ginyoku screw	銀欲スクリュー
ginyou haru	銀曜ハル
gita☆ren	ギタ☆レン
giuniu	ぎうにう
giyugun	戯遊群
giyuugun	戯遊群
goban	ごばん
goblin	ゴブリン
gogo 13-ji	午後13時
gokugetsu momo)	ごくげつ 桃)
goma satoshi	ごまさとし
gomatamago	ゴマタマゴ
gomennasai	御免なさい
gomu	ゴム
gon	GON
gonza	GONZA
gonzaburo-	ゴンざぶろー
goto hayako	後藤羽矢子
gotoh akira	後藤晶
gotou akira	後藤晶
gotou suzuna	後藤スズナ
gouda nagi	剛田ナギ
goya	ごや
goya akira	ゴヤアキラ
gozen reiji×gentle sasaki	御前零士×ジェントル佐々木
grace	ぐれいす
grace(gureisu ishikawa)	ぐれいす(グレイス石川)
gran	GRAN
great mosu	ぐれーともす
grifon	三顕人(GRIFON)
guchoguchodo	グッチーぐちょお
guenda show	玄田生
guglielmo	ぐりえるも
guilty ruri	ギルティ★瑠璃
gujira	ぐじら
gun ryuusei	群りゅうせい
gunma kisaragi	如月群真
gunn ryuusei	群りゅうせい
gunnousa	ぐんのうさ
gunpan	ぐんぱん
gura nyuutou	ぐら乳頭
gussan	ぐっさん
gustav	ぐすたふ
guy	GUY
gyakushuu takeshi	逆襲武士
gyonikun	魚肉ん
h-magic	H-magic
h9	H9
ha-ru	Ha-ru
haba hirokazu	幅ヒロカズ
habara tetsu	葉原鉄
hachi fujiko	蜂不二子
hachuu rui	羽中ルイ
hagane tetsu	鋼鉄
hagiwara yutarou	萩原雄太郎
hagiya masakage	月餅
hagure tanishi	葉雨たにし
haiji	灰司
haitokukan	背徳漢
haizaki mejiro	灰崎めじろ
haji	ハジ
hajime taira	たいらはじめ
hakaba	墓場
hakage tatenao	葉影立直
hakano shinshi	ハカノシンシ
hakkyou daioujou	発狂大往生
hakubun.	はくぶん。
hakufu	白風
hakufuu	白風
hakutou noriko	白桃ノリコ
hakutou shiki	白桃色
hal	Hal
hamao	Hamao
hamashima shigeo	はましま薫夫
hamo	はも
hamunohei	HamunoHei
hanabi	HANABi
hanada maco	花田マコ
hanafuda sakura	花札さくら
hanafuda sakurano	花札さくらの
hanamaki kaeru	花巻かえる
hanamizawa q-tarou	花見沢Q太郎
hanamo daiou	はなも大王
hanamura torirou	花村鳥郎
hanasaki akira	華先亜輝
hanasawa rena	華沢れな
hanauna	はなうな
hanayashiki botan	花屋敷ぼたん
hanazawa rena	華沢れな
haneda toshinori (sogabe toshinori)	羽田としのり (宗我部としのり)
haneda toshinori (sokabe toshinori)	羽田としのり (宗我部としのり)
hanikura un	羽仁倉雲
hanpera	はんぺら
hantenboshi	反転星
hanzaki jirou	はんざきじろう
happoubi jin	八宝備仁
happo流(八寶備仁)	HAPPO流(八寶備仁)
hara sakeru	はらさける
hara shigeyuki	原茂之
harada	はらだ
harazaki takuma	はらざきたくま
harenochiame	ハレノチアメ
harepore	はれぽれ
hariken hanna	はりけんはんな
haritama hiroki	針玉ヒロキ
hariu kouta	針生幸太
haru	ハル
haru wamusato	和六里ハル
haruharu haruto	春々春兎
haruka inui	乾はるか
harukane	治兼
harukaze daiki	春風大樹
harukaze do-jin	春風道人
harukaze saki	春風サキ
harukaze shiori	春風栞
haruken	ハル犬
haruki	春輝
harukichi	はるきち
harukigenia	はるきゲにあ
harukuma'94	波留くま'９４
harumi chihiro	ハルミチヒロ
haruno suzuki	鈴木晴乃
harurun	はるるん
harusawa	ハルサワ
haruyukiko	はるゆきこ
hasblow cream	はすぶろ
hase tsubura	長谷円
hasebe kazunari	長谷部一成
hasebe mitsuhiro	長谷部臣丈
hasebe soutsu	はせべso鬱
hasegawa yukino	長谷川ユキノ
hasegawa yuuichi	長谷川裕一
hashi cube	土師キューブ
hashiba noriko	羽柴紀子
hashibiro kou	橋広こう
hashida mamoru	橋田鎮
hashihiro kou	橋広こう
hashimo yuki	羽霜ゆき
hashimoto	橋本
hashimura aoki	橋村青樹
hasumi elan	蓮見江蘭
hasumi hana	羽純ハナ
hasumi hiro	ハスミヒロ
hata	波多
hata natsumi	羽田なつみ
hatachi	はたち
hatakeyama momonari	畠山桃哉
hatakeyama tohya	畠山桃哉
hatch	ハッチ
hatimoto	鉢本
hatomugi munmun	鳩麦月々
hatori piyoko	羽鳥ぴよこ
hatoya mameshichi	鳩矢豆七
hattori masaki	はっとりまさき
hattori mitsuka	服部ミツカ
hattori shinobu	はっとり忍
hayabusa jirou	隼次郎
hayagami amurasaki	速神亜紫
hayakawa akari	早川あかり
hayakawa mamoru	早川守
hayakawa naomi	早川ナオミ
hayako gotoh	後藤羽 矢子
hayami yumi	速水憂海
hayano rinta	早野りんた
hayasaka natsuki	早坂奈槻
hayase hashiba	速瀬羽柴
hayase mahito × korisei	早瀬真人
hayashi mario	林マリオ
hayashi nobukatsu	林信克
hayashida toranosuke	林田虎之助
hayashiya himehachi	林家姫八
hayashiya shizuru	林家志弦
hayato shibusawa	渋沢隼人
hazawa koichi	羽沢向一
hazawa kouichi	羽沢向一
hazuki	羽津樹
hazuki kaoru	八月薫
hazuki shishimaru	葉月獅子丸
hb	HB
heaven-11	HEAVEN-11
heitaro	平太郎
heiya	ヘイヤ
hekaton	へかとん
hen	HEN
henkuma	変熊
heno heno	へのへの
henoheno	へのへの
henreader	へんりいだ
hentaieye_br	十六夜清心
herio	へりを
heriyama	縁山
herohero tom	へろへろTom
hg chagawa	HG茶川
hibari rei	ひばり・れい
hibiki jun	ひびき純
hibiki rika	日比木リカ
hicoromo kyouichi	緋衣響一
hidaka shouko	日高ショーコ
hidaka suzune	飛鷹鈴音
hidari kagetora	左カゲトラ
hide-san	ひでサン
hide18	Hide18
hidebou	ひでぼう
hidefumi akino	秋乃秀文
hidekazu-kun (tomoda hidekazu)	ひでかず君 (ともだ秀和)
hidemaru	英丸
hidiri rei	ひぢりれい
hidou ren	氷堂れん
higa asato	ひがあさと
higa yukari	緋賀ゆかり
higashimidou hisagi	東御堂ひさぎ
higashino mikan	東野みかん
higashitotsuka rai suta	東戸塚らいすた
higashiyama show	東山翔
higata	HIGATA
higata akatsuki	ヒガタアカツキ
hige masamune	ひげ政宗
hige namuchi	ひげなむち
higenamuchi	ひげなむち
higuchi aya	樋口あや
higuchi isami	ひぐちいさみ
higuchi takeru	樋口武流
hiiragi masaki	柊柾葵
hiiragi mizuka	柊みずか
hiiragi ruka	柊流架
hijiri	聖
hijiri tsukasa	聖☆司
hikabe sakuho	ひかべさくほ
hikage akito	緋影彰人
hikage eiji	日陰影次
hikage hinata	日陰ひなた
hikagi tatsuhiko	緋鍵龍彦
hikarino daichi	光野大地
hikaru hoshizaki	星崎ひかる
hikaru ruka	瑠夏ひかる
hikoma hiroyuki	彦馬ヒロユキ
hima	HIMA
hime club (kirikaze)	霧風
himehachi	ひめはち
himematsuri shota	姫祭しょーた
himeno komomo	姫野こもも
himeno yuri	姫野百合
himenogami kinta	姫ノ神金太
himenogi apo	姫乃城あぽ
himura jin	緋邑陣
himura masaru	緋村まさる
himuro sakura	氷室桜
himuro serika	氷室芹夏
hinahara emi	雛原えみ
hinako	ひなこ
hinako yui	比奈子惟
hinakuma	ひなくま
hinasaki yo	雛咲葉
hinase aya	雛瀬あや
hinata momo	ひなたもも
hindenburg	ひんでんブルグ
hinemosu notari	ひねもすのたり
hino satoshi	火野聡司
hino toshiyuki	飛野俊之
hinori	ひのり
hinoshita akame	日之下あかめ
hinotsuki neko	日月ネコ
hinotuki neko	日月ネコ
hippopotamus	ひぽぽたます
hira hiro	平ひろ
hira taira	ひらたいら
hiraki naori	平木直利
hirame	比目魚
hirano kawajuu	平野河重
hirano takeshi	平野武士
hirano tomoki	平野トモキ
hirano yuuya	平野遊也
hiraoka ryuichi	平岡竜一
hirari	ひらり
hirasaka fuyu	比良坂冬
hirasaka tou	比良坂冬
hiratsura masaru	ひらつらまさる
hirihori harimoru	ひりほりはりもる
hirno	Hirno
hiro	博
hiro hiroki	ひろひろき
hiro kazuki	比呂カズキ
hiroaki	ヒロアキ
hirohisa onikubo	鬼窪浩久
hirokawa kouichirou	広川浩一郎
hirokawa tomo	緋呂河とも
hiromori shinobu	ひろもりしのぶ
hirono azuma	広乃あずま
hirose miho	ひろせみほ
hiroshi eguchi	江口尋
hiroshi itaba	板場広志
hiroshiki	宏式
hirota masatane	廣田眞胤
hiroya	広弥
hiroyoshi	ヒロヨシ
hiru okita	昼沖太
hiruma kouji	ひるまこうじ
hiruokita	昼沖太
hiryuu ran	飛龍乱
hiryuu takahiro	緋龍高弘
hisagami anzu	久神あんず
hisakabe oto	久壁おと
hisakawa tinn	久川ちん
hisama kumako	ひさまくまこ
hisasi	Hisasi
hisawa yumi	ひさわゆみ
hisayakiq	ひさやききゅう
hissatsukun	ひっさつくん
hitagiri	ヒタギリ
hitaki	ひたき
hitohana moru	一華もる
hitotsu yukimoto	単ユキモト
hitsuji takako	ひつじたかこ
hitsujiko	羊子
hitsujino	羊乃
hiura papiko	火浦パピコ
hiviki n	Hiviki.N
hiviki.n	Hiviki N
hiyama izumi	火山一角
hiyama shuri	ヒヤマシュリ
hiyo hiyo	ひよひよ
hiyoko-n	飛四子・N
hiyori mizuki	陽寄瑞貴
hiyoshi hana	日吉ハナ
hiyoshimaru akira	日吉丸晃
hk$30	HK$30
hodumi kaoru	八月朔日珈瑠
hokuto rin	北都凛
holiday yasumi	掘出井靖水
homare	誉
homing	ホーミング
homori	ホ森
homura ryuu	火村龍
homura subaru	焔すばる
homurano teruki	炎輝樹
honda arima	ほんだありま
honda naoki	本田直樹
hone	ホネ
honebuto danshaku	骨太男爵
honenuki tomato	ほねぬきとまと
honjo yagi	ほんじょう山羊
honjou rie	本庄りえ
honma shuichi	本間秀一
hori hiroaki	堀博昭
horie	ホリエ
horie tankei	堀江耽閨
horikawa goro	堀川悟郞
horikawa gorou	堀川悟郎
horimoto rimi	堀本理未
horitomo	ほりとも
horoi satoshi	幌井学司
horonamin	ホロナミン
hosaka yuuichi	ほさかゆーいち
hoshiai hiro	星逢ひろ
hoshiduki melon	星月めろん
hoshino lily	星野リリィ
hoshino pierce	星野ぴあす
hoshino ryuichi	星野竜一
hoshino ryuuichi	星野竜一
hoshitsuki neon	星憑ネオン
hoshizaki hikaru	星崎ひかる
hotei kazuha	保汀一葉
hotta kei	法田恵
houruri	蓬瑠璃
houshou rei	鳳翔伶
hozumi kenji	ほずみけんじ
hujinon	ふじのん
hulotte	Hulotte
human	human
hurricane ryu	破李拳竜
huurinkazan	Huurinkazan (風輪夏山)
huyuhusa suzuya	冬房すずや
hyji	灰司
hyocorou	ひょころー
hyoujun mai	氷純舞
i-raf-you (various)	I-Raf-you (よろず)
ibu hidekichi	伊武秀吉
ibuki yasuro	伊吹泰郎
ice	ICE
ichi	ICHI
ichigono shizuku	苺野しずく
ichihara kazuma	市原和真
ichihaya	いちはや
ichijo lemon	一城れもん
ichikawa gekibansha (ichikawa kazuhide)	市川劇版社 (市川和秀)
ichikawa kazuhiko	市川和彦
ichikawa mitsuki	市川光紀
ichiko	いちこ
ichimatsu	いちまつ
ichimura	イチムラ
ichinomiya yuu	一宮夕羽
ichinose	イチノセ
ichio	イチオ
ichiretsu jouji	一裂条二
ichiro	ichiro
ichitomo kazutomo	一智和智
idea	IDEA
igakino agenasu	井垣野あげなす
igarashi denma	五十嵐電マ
igarashi shouno	五十嵐唱乃
igarashi yuu	いがらしゆう
igohiko	イゴ彦
iguchi sentarou	井口千太郎
igumox	井雲くす
iimo	イイモ
iio tetsuaki	飯尾鉄明
iisen mio	飯閃澪
iizuki tasuku	唯々月たすく
ijuhin808	伊集院808
ikaduchi yuu	いかづち悠
ikamatsu	烏賊松
ikameshi	イカめし
ike reibun	池玲文
ikeda sakura	いけださくら
ikegami tatsuya	池上竜矢
ikematsu	池松
ikeshita maue	池下真上
ikezaki misa	池咲ミサ
ikoma ippei	伊駒一平
iku ikuo	威駆イク夫
ikuhana niro	幾花にいろ
ikumo taisuke	井雲泰助
ikuta takanon	いくたたかのん
ikuya daikokudou	幾夜大黒堂
imachi	いまち
imaichi	居妹治
imaizumi atsushi	いまいずみあつし
imanaga satoshi	今長敏
imotoka tsuyuki	芋とか露木
inaba cozy	稲葉COZY
inaba kouji	稲葉晃次
inagaki miiko	稲垣みいこ
inago	INAGO
inanaki shiki	稲鳴四季
inari kinzou	稲荷金蔵
inariya fusanosuke	稲荷家房之介
inato serere	稲戸せれれ
inazuma	INAZUMA
indo curry	印度カリー
inkey	Inkey
inochi wazuka	命わずか
inoino	INOINO
inomaru	いのまる
inomoto rikako	井ノ本リカ子
inono	Inono
inoue kiyoshirou	胃之上奇嘉郎
inoue makito	イノウエマキト
inoue nanaki	井上七樹
inoue satoh	井上佐藤
inoue takumi	井上巧
inoue takuya	いのうえたくや
inoue tomii	いのうえとみい
inoue tommy	いのうえとみい
inoue toshiki+mario kaneda	井上敏樹+まりお金田
inoue yoshihisa	井上よしひさ
inu	犬
inuboshi	犬星
inuburo	いぬぶろ
inue shinsuke	犬江しんすけ
inugahora an	犬洞あん
inuhiko	犬彦
inui sekihiko	犬威赤彦
inumaru	犬丸
inuta zetto / inuta-z	いぬた絶斗
iogi juichi	井荻寿一
iori yuzuru	庵譲
ippongui	一本杭
iriejun	IRIE潤
irikura hiroshi	入倉ひろし
iroha	彩葉
iroito	色糸
ironsugar	アイアンシュガー
irotsuki sakari	十六女十八女
iruma kamiri	いるまかみり
isaka jugoro	いさか十五郎
isako rokuroh	井硲六郎
isami nozomi	伊佐美ノゾミ
isamu	勇
isao	Isao
isawa nohri	いさわのーり
ishiba yoshikazu	斐芝嘉和
ishigaki takashi	イシガキタカシ
ishigami hajime	石紙一
ishigami kazui	石神一威
ishigana	いしがな
ishihara kaori	石原歌織
ishihara kouhei	石原浩平
ishikari nabe	石狩鍋
ishikawa hirodi	石川ヒロヂ
ishikawa kingyo	石川きんぎょ
ishikawa shisuke	石川シスケ
ishikei	石恵
ishimiso	いしみそ
ishimura	いしみそ
ishino kanon	石野鐘音
ishizuchi ginko	石鎚ぎんこ
island	あいらんど
isogai shinjyu	磯貝槙珠
isogo une	五十五うね
isorashi	五十嵐唱乃(イソラシ)
isutoshi	Isutoshi
isya	isya
itaba hiroshi	板場広し
itacho	いたちょう
itachou	いたちょう
itadaki choujo	いただき頂上
ito fleda	伊藤達哉
itosugi masahiro	糸杉柾宏
itotin	itotin
itou	いトう
itou ei	いとうえい
itou eight	伊藤エイト
itou nanami	井藤ななみ
itou nao	いとう直
itou yuuji	イトウゆーじ
itoyoko	ITOYOKO
itsuki makoto	いつきまこと
itsuki sayaka	一葵さやか
itsuki yuruha	樹揺葉
iwabuchi piroshi	いわぶちぴろし
iwasaki youko	岩崎陽子
iwashige jiyuurouta	岩重十郎太
iwashige jurota	岩重十郎太
izanami rou	いざなみ朗
izawa shinichi	伊沢慎壱
izayoi seishin	十六夜清心
izuki keima	衣月敬真
izumi banya	和泉万夜
izumi bouko	和泉棒子
izumi daichi	いずみだいち
izumi ico	泉水いこ
izumi kyouta	いずみきょうた
izumi ritoru	泉りとる
izumi yoshiki	いづみよしき
izumi yuujiro	泉ゆうじろ～
izumimori mana	出水守真名
izumiya otoha	いづみやおとは
izumiya yuuji	泉谷勇次
izumo kuutarou	出雲空太郎
j.sairo	J・さいろー
jacanus	ヤ力ヌス
jackasss	JACKASSS
jackie kameyama	ジャッキー亀山
jagausa	じゃがうさ
jairou	ジャイロウ
jakkini-san	ジャッキーニーさん
jakou nezumi	じゃこうねずみ
jam ouji	ジャム王子
james hotate	ジェームスほたて
jamming	じゃみんぐ
jean louis	ジャン・ルイ
jeanne da'ck	じゃんぬだっく
jeanne dack	じゃんぬだっく
jeanne da’ck	じゃんぬだっく
jenigata	ジェニガタ
jin	Jin
jin ping mei	金瓶梅
jinbo hitode	神保ひとで
jinbu gym	仁武GYM
jingrock	甚六
jinjin	じんじん
jinke wagao	陣卦吾雄
jinnai	ジンナイ
jirou	ジロウ
jirou hanzaki	はんざきじろう
jirou kisaragi	如月次郎
jita	爺太
jitsuma	児妻
john k pe-ta	ジョン・K・ペー太
john k. pe-ta	ジョン・K・ペー太
john sitch-oh	ジョン湿地王
johnny	じょにー
johnny yama	ジョニ山
joji manabe	眞鍋讓治
jonii ume	ぢょにぃ～うめ
jouji ichiretsu	一烈条二
joy	じょい
joy ride	JOY RIDE
juan gotoh	後藤寿庵
juichi iogi	井荻寿一
jun	Jun
junk kameyoko	JUNK亀横
junkie	千要よゆち(ジャンキー)
junny	JUNNY
juri	寿裡
juubaori mashumaro	十羽織ましゅまろ
juuwari	十割
jyaco	jyaco
jyoka	叙火
jyom	Jyom
jyura	じゅら
k plus	ケイ-プラス
k.tsutomu	K・津斗夢
k2isu	クイス
kabashima akira	樺島あきら
kabuki shigeyuki	香吹茂之
kadoi fumio	門井文雄
kaede minoru	カエデミノル
kaen	華炎
kaerunooyado	カエルの御宿
kaga akuru	加賀あくる
kagami	カガミ
kagami hiroyuki	鏡裕之
kagami ryuuki	鏡龍樹
kagano shouta	加賀野翔太
kagato	加画都
kagechin	かげちん
kagehara hanzou	影原半蔵
kagerou	影狼
kagesaki yuna	影崎夕那
kago shintarou	駕篭真太郎
kagono tori	かごのとり
kagukari kyoudai	カクガリ兄弟
kagura momiji	神楽紅葉
kagura moromi	神楽もろみ
kagura takeshi	神楽武志
kagura youko	神楽陽子
kagura yutakamaru	神楽雄隆丸
kagurazaka saki	神楽坂沙希
kaguya yutakamaru	神楽雄隆丸
kaguyuzu	カグユヅ
kahoru yunagi	夕凪薫
kai hiroyuki	甲斐ひろゆき
kai maruko	甲斐まるこ
kai masamura	甲斐正村
kaida bora	廻田ぼら
kaiduka	かいづか
kaimeiji yu	海明寺裕
kaimeiji yuu	海明寺裕
kaiohsha	海王社
kaishaku	介錯
kaishinshi	カイシンシ
kaitou pink	かいとうぴんく
kaitou yuuhi	快刀ゆーひ
kajiyama hiroshi	梶山浩
kajiyama hiroshi (hq's)	梶山浩 (HQ's)
kakao	Kakao
kakashi asahiro	かかし朝浩
kakei asato	筧あさと
kakei hidetaka	筧秀隆
kakinomoto utamaro	柿ノ本歌麿
kakitsubata kanae	杜若かなえ
kakka hideto	活火秀人
kakutou oukoku	格闘王国
kamakiri	カマキリ
kamata ningen × akaza	鎌田人間 & あかざ
kame	KAME
kamen kin	銀仮面
kamifuji mikeko	神藤みけこ
kamiishi nyny	上石ニーニー
kamiishi sono	神石その
kamimura sumiko	上村純子
kamino ryu-ya	上乃龍也
kamino ryuuya	上乃龍也
kamirenjaku sanpei	上連雀三平
kamishima akira	剃嶋章
kamishiro ryu	神代竜
kamisiro ryu	神代竜
kamisyakujii yubeshi	紙石神井ゆべし
kamita	かみ田
kamitani	カミタニ
kamitou masaki	上藤政樹
kamitsuki manmaru	上月まんまる
kamiya ogawa	神宮小川
kamiya zuzu	神谷ズズ
kamiyoshi	神吉
kamizuki shiki	守月史貴
kamogawa tanuki	鴨川たぬき
kamon saeko	佳門サエコ
kamoto negi	嘉下葱
kamoto neki(bannou negi)	嘉下葱
kanaisei jitenshasougyou	家内制自転車操業。
kanaisei jitenshasougyou.	家内制自転車操業。
kaname aomame	要青豆
kanbayashi takaki	神林タカキ
kanbe	kanbe
kanbe akira	かんべあきら
kandanchi	漢弾地
kandume	かんづめ
kaneda asao	兼田麻生
kaneko ako	金子アコ
kaneko toshiaki	かねことしあき
kanemaki thomas	鉄巻とーます
kaneyama shin	カネヤマシン
kanikuu kaita	蟹空解太
kanimori guri	蟹森ぐり
kanjyu kaoru	神寿薫
kankiten	歓喜天
kanmuryou	柑武遼
kanna satsuki	神無さつき
kannatsuki noboru	神奈月昇
kannazuki nem	神無月ねむ
kannori	乾海苔
kano ryoki	狩野りょうき
kano shiuko	鹿乃しうこ
kanon	花音
kanou miki	加納みき
kanou ryuji	叶竜児
kanou ryuuji	叶竜児
kanou soukyuu	狩野蒼穹
kanroame	甘露アメ
kantamaki yui	環々唯
kanten	寒天
kantoku	カントク
kanyapyi	かにゃぴぃ
kanzai megumi	神咲めぐみ
kanzaki haruko	神崎春子
kanzaki maguro	潤咲まぐろ
kanzaki misora	神崎美宙
kanzume	KANZUME
kaori matsubara	松原香織
kaoru	かおる
kapo	カポ
karakuchi choucream	辛口しゅーくりーむ
karasawa ryo	唐沢涼
karasawa ryou	唐沢涼
karasu	空巣
karasuma nishiki	からすま弐式
karasuma yayoi	コノシロしんこ
karino hasumi	狩野ハスミ
karino kei	狩野景
karma tatsuro	かるま龍狼
karma tatsurou	かるま龍狼
karochii	かろちー
karukan	かるかん
karukiya	かるきや
karura jun	迦楼羅淳
karura shou	華瑠羅翔
karura syou	華瑠羅翔
karuto	かると
kasa	傘
kasama shiro	笠間しろう
kasama shirou	笠間しろう
kase daiki	加瀬大輝
kasei	かせい
kashi	華師
kashi michinoku	KASHIみちのく
kashikoru	かしこる
kashimada shiki	鹿島田しき
kashio	カシオ
kashiwabara rei	柏原玲
kashiwagi rei	柏樹玲
kasi	華師
kasuga	カスガ
kasuga mayu	春日まゆ
kasuga souichi	カスガソウイチ
kasugumiya urara	霞香うらら
kasukabe akira	カスカベアキラ
kasukabe hazime	かすかべはじめ
kasumi arisa	かすみ亜里沙
kasumi ryo	かすみりょう
kasumi ryou	かすみりょう
kasumiarisa	かすみ亜里沙
kasumiga urara	霞香うらら
kasuya hideo	粕谷秀夫
katagiri hinata	片桐雛太
katagiri hinoka	片桐火華
katamikoi mizue	かたみこいみずえ
kataru makibe	牧部かたる
katase kyoji	片瀬恭二
katase minami	カタセミナミ
katase nano	かたせなの
katase shou	かたせ湘
katase show	かたせ湘
katayama makoto	片山誠
katayama yuujin	カタヤマユウジン
katori shinbu	香取しんぶ
katou chakichi	加藤茶吉
katou jun	加藤じゅん
katou mayumi	加藤マユミ
katsu aki	克亜樹
katsura 24 gou	桂24號
katsura airi	桂あいり
katsura yoshihiro	桂よしひろ
katsuragi takumi	桂木たくみ
katsuragi you	葛城ゆう
katsurai yoshiaki	桂井よしあき
kawa kazuo	かわかずお
kawada kan	かわだ寛
kawady max	カワディMAX
kawagishi keitarou	カワギシケイタロウ
kawahagi sakana	かわはぎさかな
kawahara mintsu	川原みんつ
kawahara ryuuji	川原流寺
kawahara shin	かわはらしん
kawai futaba	河合二葉
kawaiko	かわい恋
kawaisaw	可哀想
kawaisounako	かわいそうな子
kawajiri yoshihiro	川尻よしひろ
kawakami kou	河上康
kawamori misaki	かわもりみさき
kawamoto hiroshi	河本ひろし
kawamoto takahiro	川本貴裕
kawamoto yoshiki	川本良樹
kawamura hirotaka	川村ひろたか
kawamura tsukasa	川邑司
kawana	かわな
kawara keisuke	瓦敬助
kawarajima koh	かわらじま晃
kawaraya a-ta	瓦屋A太
kawasaki tadataka	川崎直孝
kawase marimo	川瀬まりも
kawatsu kenjiro	らーかいらむ
kawazato kazunobu	河里一伸
kawazuko chouji	蛙子丁字
kayama miku	かやま みく
kayama noriaki	加山紀章
kayano tomoka	茅野灯火
kayu	かゆ
kaza suzu	風鈴
kazakami shun	風上旬
kazakura	夏桜
kazami yui	風見優衣
kaze no gotoku!	風のごとく！
kazuhiro	一弘
kazuhisa shiromi	しろみかずひさ
kazuki kotobuki	琴吹かづき
kazuma g-version	カズマ・G-VERSION
kazuma kowo	かずまこを
kazuma muramasa	和馬村政
kazuma takeuchi	武内一真
kazumu	一夢
kazuna kei	計奈恵
kazuneko	和猫
kazusa shima	上総志摩
kazushi hinoki	ひのき一志
kazutaro	かずたろ
ke-ko	ケーコ
kedama keito	毛玉ケヰト
kei koisikawa	小石川圭
kei-kun	井戸の底
keisuke itagaki	板垣恵介
keita saiki	サイキケイタ
kekemotsu	けけもつ
kekocha	けこちゃ
kemigawa	検見川もんど
kemigawa mondo	検見川もんど
kemonono	けものの★
kemonono*	けものの★
kemonono★	けものの★
kemuri haku	煙ハク
ken	KEN
ken kawasaki	KEN川崎
ken tsukikage	ケン月影
ken-1	KEN-1
keniti kitano	北野健一
kenji umetani	梅谷ケンヂ
kenkichi	けんきち
keno yantaroh	毛野楊太郎
keno yantarou	毛野楊太郎
kentarou	けんたろう
kenuji ono	尾野けぬじ
kenzaki mikuri	犬崎みくり
keppi	KEPPI
keraton	ケラトン
keroq	ケロQ
kerorin	けろりん
keso	Keso
kesson shoujo	欠損少女
ketsuyuki	結之
keuma	希有馬
kiai neko	樺島あきら
kiasa	Kiasa
kibii mocha	きびぃもか
kichijouji monaka	吉祥寺もなか
kichirock	キチロク
kichiroku	キチロク
kidou muichi	綺堂無一
kiduki erika	季月えりか
kigurage	きぐらげ
kihiru	きひる
kiiroi tamago	きいろいたまご
kijima daisyarin	鬼島大車輪
kijima hyougo	鬼嶋兵伍
kijima hyougo‎	鬼嶋兵伍
kijitora nukodi	きじとらぬこぢ
kijitora nukoji	きじとらぬこぢ
kika = zaru	Kika=ざる
kika equals zaru	kika=ざる
kika=zaru	kika=ざる
kiken shisou	危険思想
kiken sisou	危険思想
kiki	KIKI
kiki ryu	貴騎琉
kikkawa kabao	吉川かば夫
kikuchiyo (fujita jun)	菊千代 (ふじたじゅん)
kikuichi monji	菊一もんじ
kikunosukemaru	菊のすけまる
kikurage	きくらげ
kikusui	菊水
kikuta kouji	キクタこうじ
kima azusa	鬼魔あづさ
kima-gray	Kima-gray
kimiduka aoi	きみづか葵
kimio tamako	きみおたまこ
kimizuka aoi	きみづか葵
kimoriyama suidou	木森山水道
kimura hidesato	木村ヒデサト
kimura neito	木村寧都
kimura reiko	きむられいこ
kimura takahiro	木村貴宏
kimuraya izumi	木村屋いづみ
kinema tenka	きねま天戈
kinku	きんく
kinmedai pink	金目鯛ぴんく
kinnotama	きんのたま▼
kinntarou	Kinntarou
kino hitori	鬼ノ仁
kino hitoshi	鬼ノ仁
kinokoyun	木の子ゆん
kinoshita junichi	きのした順市
kinoshita rei	きのした黎
kinoto sensouji	浅草寺きのと
kinsan	ＫＩＮＳＡＮ
kintarou	金たロウ
kinugasa yuuichi	キヌガサ雄一
kinuta nana	砧菜々
kio seiji	きお誠児
kio seiji r	きお誠児R
kira hiroyoshi	吉良広義
kira kabosu	綺羅かぼす
kirara moe	きらら萌
kireina mochi	きれいなもち
kirie masanobu	霧恵マサノブ
kirihara futaba	桐原ふたば
kirihara you	桐原湧
kiriki setsuna	桐木せつな
kirimoto yuuji	桐下悠司
kirino itsuki	桐野いつき
kirisaki byakko	霧咲白狐
kirisawa mint	桐沢みんと
kirisawa tokito	きりさわときと
kirishima kanae	霧島かなえ
kirishima satoshi	桐島サトシ
kiriyama	桐山
kiriyama taichi	キリヤマ太一
kiryh tamami	きりゅうたまみ
kiryu masumi	桐生真澄
kiryuu masumi	桐生真澄
kiryuu mina	霧生実奈
kiryuu reihou	桐生玲峰
kisaki kei	希咲慧
kisaki saki	きさきさき
kisaragi gunma	如月群真
kisaragi mitsuo	きさらぎ蜜お
kisaragi miyu	如月みゆ
kisen	奇仙
kishi kaisei	起死快晴
kishi kasei	旗幟灰星
kishida keiichi	岸田圭市
kishimoto saisi	岸本齋史
kishinosato satoshi	岸里さとし
kishizuka kenji	木静謙二
kita kaduki	北かづき
kita kazuki	北かづき
kitahara aki	北原亜希
kitahara doumu	北原童夢
kitakami ren	北上れん
kitakata kuniaki	北方国明
kitakawa touta	北河トウタ
kitamimaki kei	北御牧慶
kitani sai	木谷さい
kitano kenichi	北野健一
kitano urara	北野うらら
kitao taki	北尾タキ
kitazato nawoki	北里ナヲキ
kitazawa kyo	北沢きょう
kito sakeru	鬼頭サケル
kitoen	鬼頭えん
kitsune choukan	きつね長官
kitsuneko anko	狐古あんこ
kiya shii	木谷椎
kiya shii (nihon tiekoku toshokan / nippon teikoku toshokan)	木谷椎 (日本帝国図書館)
kiyoka	陽香
kiyokawa zaidan	虚川財団
kiyose kaoru	キヨセ薫
kiyoshi shimizu	清水清
kizuka eiji	木塚詠路
kizuki aruchu	鬼月あるちゅ
kizuki rei	傷希レイ
kloah	Kloah
kmine tsubasa	小峯つばさ
knuckle curve	ナックルカーブ
koakuma sageha (sage joh)	小悪魔sage派 (sage・ジョー)
koari	小蟻
koaya aco	コアヤアコ
koban	こばん
kobato neneko	小鳩ねねこ
kobayashi kazumi	小林かずみ
kobayashi oukei	小林王桂
kobayashi shounen	小林少年
kobayashi shounenmaru	小林少年丸
kobayashi takashi	小林多加志
kobayashi takumi	小林拓己
kobayashi tetsuya	コバヤシテツヤ
kobayashi youkoh	小林由高
kobayashi yutaka	小林由高
kochi	こち
kodaka kazuma	こだか和麻
kodama naoko	コダマナオコ
kodou kuji	巨道空二
koga chiharu	古蛾千春
koga ryouichi	古賀亮一
koga tsubame	古賀燕
kogaino	こがいの
kogaku kazuya	虎顎かずや
koganei musashi	小金井武蔵
kogorou	こごろー
kogure mariko	小暮マリコ
kohzuki mayuki	鴻月真雪
koide mieko	こいでみえこ
koino jou	恋乃丞
koio minato	恋緒みなと
koishi chikasa	小石ちかさ
koishikawa kei	小石川圭
koishikawa renzu	小石川れんず
koiwai tiki	小岩井てぃき
kojiki ohji	古事記王子
kojima miu	児島未生
kojima saya	小島紗
kojima shoutarou	小島祥太朗
kojirou!	KOJIROU!
kokonoki nao	ここのき奈緒
kokuryuugan	黒龍眼
komada hachi	駒田ハチ
komai hanjirou	駒井半次郎
komatsu e-ji	駒都えーじ
komei max	米胃MAX
komine kon	小峰こん
komine tsubasa	小峯つばさ
komiya yuuta	小宮裕太
komone ushio	相音うしお
komori kei	こもりけい
komotoda emai	小本田絵舞
komura saki	小邑紗希
komurasaki	小邑紗希
kon-kit	蒟吉人
konata hyuura	虎向ひゅうら
konbu no nimono	こんぶのにもの
konchiki	こんちき
konchiki (こんちき)	こんちき
konchiwa	今千和
kondom	昆童虫
konjoh natsumi	紺条夏生
konjou natsumi	紺條夏生
konmori	こんもり
konno azure	紺野あずれ
kono donto	このどんと
konohana	此花
konohara narise	木原音瀬
konoshiro shinko	コノシロしんこ
konshin	魂神
konya takashi	紺屋たかし
koori	粉織
koorizu	コオリズ
korie riko	梱枝りこ
korisu	こりす
korosuke	ころすけ
koryu misato	湖竜美里
koshou shoushou	故障少将
koshow showshow	故障少将
kosuge yuutarou	小菅勇太郎
kosuke haruhito	虎助遥人
kosuri club	こすりクラブ☆
kotake	小武
kotakemaru	小竹丸
kotatsu	こたつ
kotengu	コテング
kotobuki kazuki	琴吹かづき
kotobuki maimu	ことぶきまいむ
kotoji	琴慈
kotoko	古都子
kotono wakako	琴の若子
kotorino desuko	ことり野デス子
kotowari	理
kotoyoshi yumisuke	琴義弓介
kou	kou
kou siryou	黄支亮
kou soramoto	空本光王
kouchamaru	こうちゃまる
kouchaya (ootsuka kotora)	大塚子虎
kouda tomohiro	幸田朋弘
kouenji marimo	高円寺まりも
kougami eri	黄上恵理
kouki kuu	こうきくう
koume keito	小梅けいと
koumei kikaku	亀鶴孔明
kouno aya	煌乃あや
kouno shintarou	河野シンタロヲ
kouno yukiyo	こうのゆきよ
kousaka haruka	高坂遙
kousuke	交介
koutaro	こうたろ
koutarou	こうたろう
kouzenji kei	光善寺恵
kouzuki mayuki	鴻月まゆき
kouzuki rio	香月りお
koyanagi royal	小柳ロイヤル
kozakura kumaneko	小桜クマネコ
kozuki rio	香月りお
kubo shiyun	久保しゆん
kubota chihiro	久保田チヒロ
kubu kurin	九部玖凛
kubukurin	九部玖凛
kudara naizou	百済内創
kudo hiroshi	工藤洋
kudou hiroshi	工藤洋
kudou hisashi	くどうひさし
kudou kiyomasa	久藤清雅
kudou shino	工藤詩乃
kudou toshihiko	工藤俊彦
kuga kira × kawai masaki	空我綺羅 & 川合正起
kugami angning	九神杏仁
kugayama rikako	久我山リカコ
kuji mitsuhisa	久慈光久
kujou shirei	九条志玲
kujou takaomi	九条タカオミ
kujyou rion	九城りおん
kuku hayate	琥狗ハヤテ
kuma yoyoyo	久間よよよ
kuma-san	くまさん
kumada	くまのとおる
kumakou	くまこう
kumano tooru	くまのとおる
kumasiro yuuji	神代裕二
kumataro	隈太郎
kumisan	くみさん
kumoemon	くもえもん
kumoi takashi	くもいたかし
kuniaki kitakata	北方国明
kunieda saika	國枝彩香
kunisaki kei	国崎蛍
kuno touya	九野十弥
kuno toya	九野十弥
kunugi uzura	椚うずら
kuon michiyoshi	久遠ミチヨシ
kuonji hodaka	久遠路火鷹
kuonmoxu	くおん摩緒
kupala	kupala
kuragami atsushi	倉上淳士
kuraki hiro	椋木尋
kuramubon	くらむぼん
kurano	蔵乃
kurasawa makoto	倉澤まこと
kurashina ryo	倉科遼
kurashina ryou	倉科遼
kurata shinji	倉田シンジ
kurata uso	倉田嘘
kure ichirou	くれいちろう
kureaki	暮明
kureha yosho	くれは洋書
kurenai kurisu	紅くりす
kurenai yuuji	紅ゆーじ
kurenami yuuji	暮浪夕時
kureura keita	暮浦鶏太
kurikara	倶梨伽羅
kurimoto shigeharu	栗本重治
kuritsu yoshihiro	くりつよしひろ
kuro	くろ
kuro fn	クロFn
kuro no miki	黒ノ樹
kuroarama soukai	黒荒馬双海
kuroda ariake	黒田有明
kuroe	クロエ
kurofood	くろふーど
kurogane	くろがね
kurogane ken	玄鉄絢
kurogane kenn	玄鉄絢
kurogishi kazeoki	黒岸風興
kuroharuto	くろはると
kuroishi ringo	黒石りんご
kuroiwa madoka	黒磐まどか
kuroiwa menou	黒岩瑪瑙
kuroiwa yoshihiro	黒岩よしひろ
kurokawa mio	黒河澪
kurokawa otogi	黒川おとぎ
kurokawa ryu	黒川竜
kuroki hidehiko	黒木秀彦
kurokoshi you	黒越陽
kurokura eri	黒倉エリ
kuromame	クロマメ
kurona	くろな
kurono	くろの
kurono masakado	黒乃マサカド
kuronyan	くろニャン
kurosaki kotora	黒崎仔虎
kurosaki rendou	黒咲練導
kurosawa kiyotaka	黒澤清崇
kurosawa r	黒澤R
kurosawa yuri	黒澤ユリ
kuroshiki	玄式
kurosugi shinsaku	黒杉晋作
kurotaki shiyu	黒瀧糸由
kuroya kenji	黒谷賢志
kurozu	くろず
kuruma ebi	車海老
kurumi morisaki	森崎胡桃
kurumiko	胡桃子
kurumiya mashimin	胡桃屋ましみん
kururi active	くるりアクティブ
kurusumin	来須眠
kusahara kuuki	草原空貴
kusama sakae	草間さかえ
kusanagi	クサナギ
kusano takayuki	草野たかゆき
kusatsu terunyo	草津てるにょ
kushida ashura	[くしだあしゅら
kusonomi kazuma	楠見かずま
kusugawa naruo	久寿川なるお
kusui aruta	久水あるた
kusuki jun	楠木潤
kusunoki rin	楠木りん
kusunomi kazuma	楠見かずま
kuuki fuzisaka	藤坂空樹
kuuki kusahara	草原空貴
kuusou	空想
kuwabara yuko	桑原祐子
kuzushiro	くずしろ
kyo hatsuki (kudara naizou)	葉月京 (百済内創)
kyo1	kyo1
kyon	きょん
kyoryu mizuta	水田恐竜
kyougoku rena	京極れな
kyouya ayumi	恭屋鮎美
kyuubi(108)	九尾(108)
kyuugou	九號
kyuuryuujousai	九龍城砦
labui	羅ぶい
lalamate	LALAmate
land sale	蘭戸せる
lao long	ラオロン
lapis lazuli	Lapis Lazuli
laplace	らぷらす
lazy club	LAZY CLUB
lazyclub	LAZYCLUB
leafy	リーフィ
lei nekojima	猫島礼
leonardo 16 sei	れオナるド16世
leopard	レオパルド
leymei	LEYMEI
library	らいぶらり
lilithlauda	リリスラウダ
linda	LINDA
liquid	Liquid
liquid (hikage eiji)	Liquid (日陰影次)
lockheart	ロックハート
locon	Locon
locon	locon
lorica	Lorica
louis & visee	Louis & Visee
louis&visee	Louis&Visee
luna	屡那
lunch	らんち
lune comic	ルネコミック
lushea	ルーシア
m ecchi kei	Mえっち系
m-5	M-5
m-max	M-MAX
ma-kurou	まー九郎
ma-yu	Ma-yu
maakou	雅亜公
maami	まあみ
maatsu	ま〜つ
maban	まばん
maboroshi chouji	幻超二
maboroshi ouka	幻桜花
macaroni and cheese	マカロニ＆チーズ
maccha chamomo	抹茶もも
machida hiraku	町田ひらく
machigi ruru	街樹るる
machino henmaru	町野変丸
machiya hatoko	町屋はとこ
macky	まっきい
madosoft	まどそふと
madoutei	魔童貞
maeda futoshi	マエダフトシ
maeda kenjirou	前田健二郎
maeda sengoku	前田千石
maeda takaya	前田貴也
maeda takaya (moriya makoto)	前田貴也(森谷誠)
maeda toshio	前田俊夫
maekawa hayato	前川ハヤト
maeshima ryo	前島龍
maeshima ryou	前島龍
maezono haruka	前薗はるか
mafuyu	真冬
mafuyu no suika	真冬ノ水火
magatama	マガタマ
magifuro konnyaku	Magifuro
magoroku	マゴロク
maguro ouji	真黒皇子
maguro teikoku	まぐろ帝國
mahan.	まはん。
mahiro takeumi	真広雄海
mahiru no kagerou	まひるの影郎
mahiruno kagerou	まひるの影郎
maho	真秀
mai renjie	麥人杰
maihama kaede	舞浜楓
maihara matsuge	舞原マツゲ
maimu maimu	舞六まいむ
maimu-maimu	舞六まいむ
maineko ruru	舞猫ルル
mairenjie	麥人杰
maitaimu	舞大夢
majikoro	まじころ
majirou	まじろー
majoccoid	Majoccoid
maka fushigi	魔訶不思議
maki	MAKI
maki daikichi	牧だいきち
maki nianko	まきにあんこ
maki shinonome	東雲舞樹
makibe kataru	牧部かたる
makigai icco	巻貝一ヶ
makigai ikko	巻貝一ヶ
makihara maki	槇原まき
makimura akari	牧村あかり
makimura miki	牧村 みき
makino kenji	まきの拳二
makinosaka shinichi	牧野坂シンイチ
makio	まきお
makita aoi	魔北葵
makita yoshiharu	巻田佳春
makki	makki
makura	枕
makura maina	真倉まいな
makuro	まくろ
makuwa	ま☆くわ
malcorond	まるころんど
mamaka	麻々花
mame	豆
mame denkyuu	まめでんきゅう
mameko	まめこ
mameshiba	まめしば
mamezou	まめぞう
mamiya komashi	まみやこまし
mamiya seiji	間宮聖士
mam☆ru	MAM☆RU
man	mAn
manabe jouji	真鍋譲治
manikoro	マニコロ
manno rikyuu	万利休
mano jun	まの純
manzou	萬蔵
maomi leon	真臣レオン
map	まっぷ
maple	まぷる
marimo mori	もりまりも
marinosuke	鞠之助
mario	まりお
mario hayashi	林マリオ
maripyon	まりぴょん
maririn	まりりん
marmalade	ま〜まれぇど
marneko	まる寝子
maro	MARO
maro azuma	MARO東
martan	まあたん
maru dasshu	まるだっしゅ
marugari santarou	丸刈参太郎
marugoto ringo	まるごと林檎
marui maru	丸居まる
maruki bunge	丸木文華
marukidou	まるキ堂
marukochin	マルコチン
marumarusuke	まる丸介
marumi	MARUMI
maruneko	まる寝子
maruo suehiro	丸尾末広
maruta	MARUTA
maruto!	Maruto!
maruwa tarou	丸和太郎
masa-nii	マサ兄
masaharu	まさはる
masakado kurono	黒乃マサカド
masamune shirow	士郎正宗
masato ashiomi	アシオミマサト
masayoshi kogawa	Masayoshi Kogawa
masayoshi mukai	向正義
mashi miyuki	ましみゆき
mashu ko	摩周子
mask the j	マスクザJ
masuda inu	ますだ犬
masuda takahiro	ますだたかひろ
masuyama kei	ますやまけい
match	Match
matra milan	的良みらん
matsu takeshi	松武
matsuba	松葉
matsubara kaori (mana-ko)	松原香織 (MANA-KO)
matsuda shouichi	マツダ猖市
matsukawa	松河
matsukawa iku	松川郁
matsumoto drill kenkyuujo	松本ドリル研究所
matsumoto katsuya	まつもとかつや
matsumoto kichiji	松本きちぢ
matsumoto mimiko	松本耳子
matsumoto noda	松本ノダ
matsumoto yuuka	松本ゆうか
matsuna hitoshi	松名一
matsunami rumi	松波留美
matsunami yuuki	松並ゆうき
matsuno susumu	松野すすむ
matsuo yuriko	松尾百合子
matsuri kikaku	祭企画
matsusaka takeshi	松阪剛志
matsushima namio	松島ナミオ
matsutake ume	松竹梅
matsutou tomoki	松任知基
matsuyama hayate	松山はやて
matsuzaka rea	松阪れぃあ
matsuzaka takeshi	松阪剛志
matsuzaki tsukasa	松崎司
matsuzawa kei	松沢慧
matsuzono	松園
maumen	まうめん
maya miyazaki	宮崎摩耶
maybe	めいびい
mayonnaise.	まよねーず。
mayu morinaga	森永茉裕
mayumi daisuke	真弓大介
mayuzumi mashiro	黛ましろ
mdo-h	無道叡智
medi axe	メディアックス
mee-kun	MEEくん
meganei	メガねぃ
meicha	冥茶
meido yomi	冥土黄泉
meiji kanako	明治カナ子
meika	めいか
mejiro tsugumi	目白次美
mekaigo	メカイゴ
melon baron	メロンバロン
melon sota	めろん爽太
meme50	メメ50
menea the dog	メネア・ザ・ドッグ
menoko	めの子
menu.	めぬ。
menyoujan	めんようじゃん
meow	Meow
mercy rabbit	マーシーラビット
methonium	メトニウム
mg joe	MGジョー
mg kurino	Mg栗野
mgmee	MGMEE
mibu manjimaru	壬生卍丸
mibuno kakashi	三舞野かかし
michael harawata	マイケル原腸
michiaki takeki	武輝導明
michiking	みちきんぐ
michinoku atami	みちのくアタミ
midoh tsukasa	御堂つかさ
midori no rupe	緑のルーペ
midorisawa miyuki	緑沢みゆき
midou shiki	御堂志生
mifune seijirou	三船誠二郎
migakeba hikaru	御垳葉ひかる
migiwa kouji	みぎわこうじ
migiyokouji	みぎよこうじ
miharu	ミハル
mihoshi kurage	海星海月
mihoto kouji	みほとこうじ
mii akira	美衣暁
miito shido	三糸シド
miito shido (garakuta shoujo)	三糸シド (がらくた少女)
miitoban	みぃとばん
mikabe kataru	牧部かたる
mikado satoshi	御門智
mikagami mamizu	水鏡まみず
mikagami sou	水鏡想
mikage baku	御影獏
mikage sekizai	御影石材
mikage tsubaki	御景椿
mikami cannon	三上キャノン
mikami canon	三上キャノン
mikami hokuto	箕神北都
mikan r	みかんR
mikan.	みかん。
mikawa kai	三川貝
mikaze takashi	水風天
mikazuki kougetsu	みかづき紅月
mikemono yuu	神毛物由宇
mikeou	みけおう
miki hime	みき姫
miki kazu	みきかず
mikihime	みき姫
mikikazu	美樹カズ
mikokuno homare	みこくのほまれ
mikoshiro honnin	みこしろ本人
mikoshiro nagitoh	巫代凪遠
mikumo yuzuru	三雲譲
mikuni hadzime	三国ハヂメ
mikuni mizuki	みくに瑞貴
mikuni saho	御国紗帆
mil	mil
milda7	Milda7
milf shobou	ミルフ書房
millefeuille	ミル・フィーユ
mimi mimizu	実々みみず
mimimimizu	実々みみず
mimizushiki	みみずしき
mimori	美森
minaduki chihiro	水無月千尋
minaduki haruka	水月悠
minagata jinpachirou / minakata jinpachirou	水形陣八郎
minagi umihito	深凪ウミヒト
minakami sakura	水上桜
minako nami	みなこなみ
minami	みなみ
minami chisato	南ちさと
minami haruka	みなみ遥
minami rin	美波リン
minami tomoko & kyon	南智子＆きょん
minamida usuke	南田U助
minamino hazuki	南乃映月
minarai zouhyou	見習い雑兵
minase sango	水無瀬さんご
minase seri	水瀬せり
minasuki popuri	みなすきぽぷり
minato fumi	三巷文
minato itoya	ミナトイトヤ
minatsuki alumi	水月あるみ
minatsuki arumi	水月あるみ
minazuki juuzou	水無月十三
minazuki juzo	水無月十三
minazuki satsuki	水無月皐月
minazuki yuzu	みなづきゆず
mine	MINE
mine mura	ミネむら
minekawa reeko	嶺川れーこ
minekawa reko	嶺川れーこ
minekawareko	嶺川れーこ
minemura	ミネむら
minemura nagato	峰村ナガト
mineshima nawako	峰島なわこ
minikoara	端稀桜花
minion	みにおん
minitity	MINITITY
minoh rom	水尾ろむ
minokichi	箕吉
minor boy	まいなぁぼぉい
minori	minori
minority	マイノリティ
mint chocolate	mint chocolate
mint chocolate (himuro kouichi)	ミントチョコレート (氷室光一)
mintsu kawahara	川原みんつ
miotama	みおたま
mira	みら
mirino	みりの
misa wasabi	三左わさび
misagi nagomu	みさぎ和
misaki jun	箕崎准
misaki kurehito	深崎暮人
misaki ryo	御前伶
misaki shizuwo	美崎志づ魚
misaki takahiro	三崎高博
misaki tou	ミサキ闘
misaki yukihiro	岬ゆきひろ
misakitou	ミサキ闘
misakura nankotsu	みさくらなんこつ
misaoka	みさおか
misaragi	みさらぎ
misasagi fuhri	みささぎ風季
misasagi task	陵たすく
misato yuu	みさと憂
misawa hiroko	みさわひろこ
mishima kazuhiko	三島一彦
mishima yuki	みしまゆき
miss black	MISS BLACK
misumi tsubaki	三澄ツバキ
mita kurumi	みたくるみ
mita ryusuke	見田龍介
mita ryuuji (rokuma susumu)	三田龍次 (呂熊進)
mita ryuusuke	見田竜介
mita unmei	三田雲盟
mitama kei	みたまけい
mitamori tatsuya	みた森たつや
mitarai yuuki	御手洗佑樹
mitaraiyuuki	御手洗佑樹
mitarashi kousei	みたらし侯成
mito izumi	水戸泉
mitomo akira	ミトモアキラ
mitono sakura	天櫻みとの
mitsu king	蜜キング
mitsuba	三葉
mitsuba minoru	三ツ葉実
mitsubishi soara	三菱そあら
mitsugi	ミツギ
mitsui mana	みついまな
mitsuki rintarou	水月林太郎
mitsumaro	蜜麻呂
mitsuru yuuki	結城みつる
mitsurugi aoi	みつるぎあおい
mitsuya	みつや
miura monzetsu	みうら悶絶
miura takehiro	みうらたけひろ
miwa yoshikazu	美和美和
miyabi	美矢火
miyabi chanpon	ちゃんぽん雅
miyabi tsuzuru	みやびつづる
miyahara ayumu	宮原歩
miyahara mimikaki	みやはらみみかき
miyai shigi	宮居史枝
miyaji kaneyuki	宮路兼幸
miyakawa hajime	美夜川はじめ
miyama zero	みやま零
miyamoto	みやもと
miyamoto issa	宮元一佐
miyamoto liz	宮本りず
miyamoto rum	みやもと留美
miyamoto rumi	みやもと留美
miyamoto tatsuya	宮本たつや
miyamoto you	宮本悠
miyamoto yuu	宮本悠
miyamu	みやむ
miyane aki	みやねあき
miyanishi kazuaki	宮西和明
miyano kintarou	宮野金太郎
miyashiro sousuke	宮社惣恭
miyashita kitsune	宮下キツネ
miyashita miki	宮下未紀
miyasu risa	ミヤスリサ
miyauchi takeshi (nekogen)	宮内たけし (猫玄)
miyauchi yuka	宮内由香
miyazaki baku	宮崎ばく
miyazaki maya	宮崎摩耶
miyazato eri	宮里えり
miyoshi	みよし
miyoshi hiromi	三好ひろみ
miyuma subaru	未由間すばる
mizoguchi gelatin	溝口ぜらちん
mizone	みぞね
mizoro tadashi	深泥正
mizu	Mizu
mizuhara kenji	水原賢治
mizuhara masaki	水原マサキ
mizui	みずい
mizukaga syou	水利硝
mizukami ranmaru	水上蘭丸
mizukami shin	水上シン
mizuki asamori	朝森瑞季
mizuki eimu	みずきえいむ
mizuki gai	水樹凱
mizuki haruto	三月春人
mizuki hitoshi	みずきひとし
mizuki loose	みずきるうず
mizuki nanase	水姫七瀬
mizuki raimu	海月来夢
mizuki sanban	水木三番
mizuki tatsu	みずきたつ
mizuno kei	水野慧
mizuno keita	水野景太
mizuno makoto	みずのまこと
mizuno takeshi	水野猛之
mizuno taki	水野滝
mizunose mizuho	水之瀬瑞穂
mizuryu kei	水龍敬
mizusaka saki	水坂早希
mizusaki mutsuki	水﨑睦月
mizushima eri	未津島えり
mizushima kiyoshi	みずしま聖
mizushima sorahiko	水島空彦
mizushiro makoto	水城丹
mizushiro takuya	水城たくや
mizusima sei	みずしま聖
mizusumi toshiaki	みずすみ俊明
mizutani mint	水谷みんと
mizuyan	みずやん
mizuyoukan	水ようかん
mizuyuki	みずゆき
mmm	Mmm
moccyi	モッチィー
mochi	モチ
mochikuu usagi	もちくううさぎ
mochizuki azumi	望月あづみ
mochizuki nana	望月奈々
mochizuki nozomu	望月望
mochizuki usagi	望月うさぎ
modae tei	悶亭
modemu nakata	中田モデム
moe kirara	きらら萌
mogiki hayami	十はやみ
mogudan	モグダン
mohu2factory	モフ2製作所
mojarin	もじゃりん
moketa	もけ太
mokkouyou bond	木工用ボンド
mokusei zaijuu	木星在住
mokuzou	杢臓
momi	momi
momiji	もみじ
momiyama	もみやま
momo kitsune	桃きつね
momoduki suzu	桃月すず
momofuki rio	桃吹リオ
momohime shibuki	桃姫しぶき
momoiro manjiru	桃色卍流
momoka rantarou	百花乱太郎
momokawa gen	桃川げん
momokawa pink	桃川ぴんく
momoko	ももこ
momonosuke	桃之助
momoshiro asako	桃白あさこ
momoyama jirou	桃山ジロウ
momozukuku	ももずくく
mon-mon	MON-MON
mon-petit	もんぷち
monety	もねてぃ
monkey ni-gou	悶鬼威弐号
monmon	MON-MON
monogusa wolf	ものぐさうるふ
monorino	モノリノ
monota rinu	ものたりぬ
mori hiromi	森博巳
mori katsuki	モリカツキ
mori marimo	もりまりも
mori takuya	杜拓哉
moriartry	森亜亭
moribayashi akira	森林彬
moribayashi ringo	もりばやしりんご
moribayashi tamago	森林たまご
morimi ashita	森見明日
morimiya masayuki	森宮正幸
morimura sho	森村将
morinaga milk	森永みるく
morinaga mizuki	森永水基
morino izumi	森野一角
morisaki kurumi	森崎くるみ
morisawa toshio	森沢としお
morishima kon	森島コン
morishima petit	森嶋プチ
moritaka takashi	もりたかたかし
moriya gia	守矢ギア
moriya makoto	森谷誠
moriya neko	もりやねこ
moriyama ayumi	森山あゆみ
moriyama rikka	森山六花
moriyama toh	森山塔
moriyama toh (yamamoto naoki)	森山塔(山本直樹)
moroha	乙
moroi ai	諸井愛
morris	モリス
motaro	毛太郎
motchie	もっちー
motika	モティカ
moto haruko	元ハルコ
motomiya mitsuki	もとみやみつき
motoya shin	もとや真
motozaki akira	素崎彰
motsu aki	もつあき
mou-mou	MO・MO
mountain zombie	マウンテンゾンビ
moyamoya	モヤモヤ
mozu	もず
mozu k	もずK
mozuya murasaki	もずや紫
mtno	MTNO
mu-min	夢～眠
mucha	むちゃ
muchakai (mucha)	夢茶会 (むちゃ)
mugen no ossan	無限のおっさん
mujiha	Mujiha
mukai kiyoharu	むかいきよはる
mukai masayoshi	向正義
mukoujima tenro	むこうじまてんろ
mumu	mumu
muneshiro	むねしろ
munomerikun	むのめりくん
muramasa kazuma	和馬村政
muramasa mikado	村正みかど
murano tami	むらの・たみ
murao mio	村生ミオ
muraro	むらろ
murasaki	紫紀
murasaki nyaa	紫☆にゃ〜
murasaki syu	むらさき朱
murasame maru	村雨丸
murasame masumi	村雨真澄
murasan	ムラさん
muraso shunichi	村祖俊一
murata denji	村田電磁
murata.	ムラタ。
murayamamon	村山門
murian	無有利安
muronaga chaashuu	室永叉焼
musashi daichi	武蔵ダイチ
musashimaru	ムサシマル
musashino sekai	ムサシノセカイ
musenmai	無洗米
musha sabu	武者サブ
mushanokouji shizuka	武者小路静
mushi	ムシ
mushoku santaro	無色三太郎
mustang r	マスタングR
mutou mato	武藤まと
mutou tetsu	武藤鉄
mutsuki	睦月
mutsuki haru	睦月はる
mutsuki tsutomu	むつきつとむ
mutsuno hexa	六ツ野へきさ
mutsutake	睦茸
myrage	舞麗辞
myrage × hiru okita	舞麗辞 & 昼沖太
myrage × nanaki seijyu	舞麗辞 & 七輝静樹
mytyl	Mytyl
mzne	mzne
n820	n820
naaga	な～が
naburu	NABURU
nachisuke	なちすけ
nada akurou	なだあくろう
nae awaji	なえ淡路
naga	な～が
nagai wataru	長井わたる
nagaikusa	長い草
nagakura keiko	長倉けいこ
nagano akane	永野あかね
naganoro	ながのろ
nagaraya	ながら屋
nagare ippon	流一本
nagareboshi hikaru	流星ひかる
nagareboshi kai	流星改
nagasaki kenji	永崎KENJI
nagasaki ranka	永崎らんか
nagase rurio	永瀬るりを
nagase yuuki	長瀬祐希
nagashima chosuke	ながしま超助
nagashima chousuke	ながしま超助
nagashima hatsumi	中島初美
nagashiro mayu	永城まゆ
nagashiro rouge	長代ルージユ
nagata maria	永田まりあ
nagatsuki futsuka	長月ふつか
nagi ayame	凪妖女
nagi ichi	凪市
nagisa minami	渚ミナミ
nagisa no haikara kingyo (kisaragi moyu)	渚のハイカラ金魚 (如月モユ)
nagisa no usagi	渚乃兎
nagisa shiraishi	白石なぎさ
nagisano usagi	渚乃兎
nagomi kyuuko	なごみ九子
nagumo haruka	ガナクラほむ
nagy	Nagy
naisho (mirai shounen)	内緒 (未来少年)
naito loveca	内藤らぶか
naito rabuka	内藤らぶか
naitou gura	内東ぐら
naitou haruto	内藤春人
naitou mika	内藤みか
naitou satoshi	乃藤悟志
naizou kudara	百濟內創
najimi shin	馴染しん
nakadera akira	中寺明良
nakafusa momo	中総もも
nakagami takashi	中上たかし
nakagawa waka	中川わか
nakagawa you	中川優
nakahara tomo	中原とも
nakahata yoshihiro	中畑義浩
nakai	中井
nakajima akihiko	中島秋彦
nakajima kouichi	中島光一
nakajima ramos	中嶋ラモス
nakajima rei	中島零
nakajima yongou	中嶋四号
nakami yoshikage	中海美影
nakamine hiroshi	仲峰紘史
nakamori ai	中森愛
nakamura hirofumi	中村博文
nakamura kanako	中村かなこ
nakamura kuzuyu	中村葛湯
nakamura nishiki	中村錦
nakamura regura	仲村レグラ
nakamura sakyo	中村左京
nakamura sakyou	中村左京
nakamura uzuki	中村卯月
nakamura yukitoshi	仲村ユキトシ
nakani	なかに
nakano sora	中乃空
nakano yuuki	中野友貴
nakanoo kei	中ノ尾恵
nakaoi kimu	中笈木六
nakashima hatsumi	中島初美
nakasone haiji	中曽根ハイジ
nakata modem	中田モデム
nakata yumi	中田ゆみ
nakayama miyuki	中山みゆき
nakayama tetsugaku	中山哲学
nakazawa hinoto	なかざわひのと
namanie	生煮え
namboku	南北
namekata fumiaki	行方ふみあき
namezou	なめぞう
namiki midori	並木緑
namonashi	無望菜志
nanagami you	七神優
nanahoshi keina	七星けいな
nanahoshi tento	七保志天十
nanairo	ナナイロ
nanakagi satoshi	七鍵智志
nanaki seijyu	七輝静樹
nanakichi	七吉
nanamatsu kenji	七松建司
nanami shizuka	ななみ静
nanami yuuri	七海ユウリ
nanamiya tsugumi	七宮つぐ実
nanao	ななお
nanao yukiji	七尾ゆきじ
nanase aoi	七瀬葵
nanase kai	七瀬かい
nanase makoto	七瀬真琴
nanase mizuho	七瀬瑞穂
nanba rei	なんばれい
nanbara ken	南原兼
nandz	NandZ
nangoku banana	南国ばなな
nangou jingeru	南郷じんげる
nangou takashi	南郷隆
nanigawa rui	名仁川るい
nanjou asuka	南条飛鳥
nankin maachan	南京まーちゃん
nankin machan	南京まーちゃん
nanno koto	南野琴
nanri kouichirou	南里孝一郎
nanto hanamaru	納都花丸
nanzaki iku	南崎いく
nao	なお
nao kokonoki	ここのき奈绪
nao system	NAOシステム
nao takami	尚たかみ
naokame	直かめ
naoki tachibana	断華ナオキ
naokichi	なおきち
naokichi.	なおきち。
naomu	なおむ
napata	なぱた
narazu yoshitomo	不可知
narcisse noir	なるしすのあ～る
nariaki funabori	船堀斉晃
narita koh	成田コウ
narita kyousha	成田香車
narita manabu	成田マナブ
narita tsubaki	なりた椿
naritayama brian	成田山武頼庵
narukaku	ナるカく
narumi	鳴海
narumi yuu	鳴海ゆう
narumiya	鳴海也
narusawa aya	鳴沢綾
narusawa kei	なるさわ景
narusawa sora	成沢空
naruse	なるせ
naruse hirofumi	鳴瀬ひろふみ
narushima godou	成島ゴドー
nas-o	NAS-O
nasu no yatoi ichi	なすの傭一
natori isato	名取いさと
natsu	夏真
natsu no oyatsu	夏のおやつ
natsuba yashi	夏葉ヤシ
natsugayo kaoru	夏が夜かおる
natsuhati	夏八
natsui yoko	夏井瑶子
natsuka q-ya	奈塚Q弥
natsukawa fuyu	夏川冬
natsukawa shiori	夏河シオリ
natsuki kiyohito	夏木きよひと
natsume fumika	夏目文花
natsume katsura	夏目かつら
natsume ryuunosuke	なつめ龍之介
natsumi	夏実
natsumi chiharu	ナツミチハル
natsumi fumika	夏目文花
natsumikan	なつみかん
natsuno fujimaro	なつのふじまろ
natsuzora haduki	夏空葉月
nayuta daichi	なゆただいち
nayuzaki natsumi	ナユザキナツミ
naz	NAZ
nbo	んぼ
nc	NC
necojet	necoJET
nectar	ねくたー
neet	にぃと
negura nao	ねぐらなお
neko maru rentarou	猫丸恋太郎
neko mode	猫モード
neko pantsu	ねこぱんつ
nekodanshaku	猫男爵
nekoga jun	猫賀じゅん
nekogen	猫玄
nekohakushaku	猫伯爵
nekoi hikaru	猫伊光
nekojima lei	猫島礼
nekojima rei	猫島礼
nekomata naomi	ねこまたなおみ
nekome hiko	ネコメヒコ
nekonta	ねこんた
nekopanchi	核熱ねこパンチ
nekosima lei	猫島礼
nekota nigra	猫多にぐら
nekota nigura	猫多にぐら
nekoura	ねこうら
nemui neru	眠井ねる
nemuri no sato	眠りの里
nemuri taiyo	ねむり太陽
nemuri taiyou	ねむり太陽
nendo.	ねんど。
nenemaru	音音丸
neo gentle	NEO'GENTLE
neo’gentle	NEO’GENTLE
neriwasabi	ねりわさび
neromashin	ねろましん
new ab	にゅーAB
newmen	NeWMen
neyonsan	ねよんさん
neyukidou (takaku nozomu)	根雪堂 (高玖のぞむ)
nico pun nise	笑花偽
nico-pun-nise	笑花偽
nigana	仁賀奈
nihon dandy	日本ダンディ (松野すすむ)
niiruma kenji	にいるまけんじ
nijuu-san (23)	にじゅうさん(23)
nika tani	仁華谷
nikaidou mitsuki	二階堂みつき
niku	niku
nikudanmaru	肉弾丸
nikukiu-	にくきうー
nikusoukyu.	肉そうきゅー。
nikusoukyuu	肉そうきゅー。
nikusoukyuu.	肉そうきゅー。
nikusyo	にくしょ
nilai kanai	ニライカナイ
nimoda ai	二茂田あい
nimu	ニム
nini	ニニ
ninjin san	人参・参
ninoko	にの子
ninomiya ryouzou	二宮亮三
nippori	にっぽり
niro	にろ
nise	似せ
nise kurosaki	偽くろさき
nisepakuman-san	偽パクマンさん
nishi eda	西E田
nishi iori	西安
nishi shizumu	西しずむ
nishida megane	仁志田メガネ
nishieda	西E田
nishihara seiichi	西原青一
nishikagura koizaburou	錦ヶ浦鯉三郎
nishikawa kou	西川康
nishikawa kouto	西川孔人
nishikawa rosuke	西川魯介
nishiki yoshimune	にしき義統
nishikibasami	二式鋏
nishikigaura koizaburou	錦ヶ浦鯉三郎
nishikousaka kouhei	西高坂耕平
nishimaki tohru	にしまきとおる
nishimaki tooru	にしまきとおる
nishimura arimi	西村有未
nishimura haruka	西村はるか
nishimura shuuko	西村しゅうこ
nishimura takashi	にしむらたかし
nishino eichi	西野映一
nishino eiichi	西野映一
nishiwaki mayu	西脇まゆ
nishizaki eimu	西崎えいむ
nishizuki chikara	西月力
nitta jun	にったじゅん
nitta youka	新田祐克
niwacho	Niwacho
niwakaike	にわかいけ
nixinamo lens	にびなも凸面体
nlshlyukl	にしゆき
no limit	ノーリミット
no.gomes	NO.ゴメス
noba	の歯
nobi nobita	野火ノビタ
nobuki chihiro	のぶきちひろ
noda yuji	野田ゆうじ
noda yuuji	野田ゆうじ
nodame	nod飴
nogami kei	野上けい
nogami takeshi	野上武志
nogi makoto	のぎまこと
nohara hiromi	野原ひろみ
noise	Noise
nokin	のきん
nokoppa	のこっぱ
nomura teruya	野村輝弥
nonaka tama	のなかたま
nonoru mia	ののるみあ
nooku muneo	野奥宗央
nora shinji	白野じん(乃良紳二)
norakuro nero	野良黒ネロ
norakuro nero (amp)	野良黒ネロ (AMP)
noraneko nagaya	のら猫長屋
noresore	ノレソレ
nori pachi	のりパチ
norinko	のりんこ
noripachi	のりパチ
norita	のり太
norn	norn
norutaru	のるたる
noto kurumi	能都くるみ
noukyuu	のうきゅう
novel	松平龍樹
noyama fuuichirou	野山風一郎
nozarashi satoru	秋神サトル
nozomi yuu	のぞみ侑海
nukunuku orange	ヌクヌクオレンジ
nurumu	ぬるむ
nuyakana	ぬャカな
nyagomaru	にゃご丸
nyamota	にゃもた
nyan	NYAN
nyanko fujin sama	にゃんこ夫人様
nyanko fujinsama	にゃんこ夫人様
nyanko mic	にゃんこMIC
nylon	ナイロン
nyorutarou	にょる太郎
nyx	Nyx
o.ri	O.RI
obakyu-taro	089タロー
obata yayoi	おばたやよい
obmas	obmas
obyaa	おびゃー
ochanoko	お茶の子
ochi gento	越智源斗
oda non	織田NON
odawara hakone	オダワラハコネ
odd	おっど
oga tomoyoshi	おがともよし
ogami wolf	拝狼
ogata hiro	御形紘
ogata mamimi	緒方マミ美
ogata satomi	緒方賢美
ogawa hidari	小川ひだり
ogawa kanran	おがわ甘藍
ogawa masahi	小川マサシ
ogawa mashiro	オガワマシロ
ogawa shuusuke	小川秋介
ogin bara	オギン★バラ
ogu	おぐ
oguni yoshinobu	小國由喜
ogura shuuichi	小倉脩一
ohashi hoon	大橋 薰
ohba yohkyoh	鶯羽佯狂
ohba yoshihiro	大場よしひろ
ohbayashi mori	大林森
ohigetan	尾髭丹
ohkami ryosuke	狼亮輔
ohma	逢魔
ohmi takeshi	大見武士
ohno tsutomu	大野勉
ohnuma hiroshi	おおぬまひろし
ohsaka minami	逢坂ミナミ
ohtomo takuji	大友卓二
ohtori ryuji	おおとりりゅうじ
oikawa shinya	及川慎夜
oimo	おいも
ojiro makoto	オジロマコト
ojo	おじょ
oka kujiran	おかクジラん
oka kuzira	岡くじら
oka sundome (ataka atsushi)	岡すんどめ(安宅篤)
okabayashi beru	岡林べる
okada kou	岡田コウ
okada masanao	岡田正尚
okada matsuoka	おかだまつおか
okamoto fujio	おかもとふじお
okano ahiru	陸乃家鴨
okano hajime	おかのはじめ
okara	おから
okashita makoto	岡下誠
okawari	OKAWARI
okawari (dragon goya)	OKAWARI (ドラゴン小屋)
okayu-san	おかゆさん
okayusan	おかゆさん
okazaki nao	岡崎那緒
okina	OKINA
okizarisu	オキザリス
okome gyangu (78rr)	おこめぎゃんぐ (78RR)
okudera chiaki	奥寺千秋
okuhira tetsuo	奥平哲男
okuma masami	奥間まさみ
okumori boy	奥森ボウイ
okumoto yuuta	オクモト悠太
okuni yoshinobu	小國由喜
okunoha	奥ヴぁ
okusu (toda youchika)	オークス (戸田 陽近)
okuya sei	奥矢星
okuyama kyou	奥山鏡
omapuu	おまぷー
ominaeshi	オミナエシ
onda chiro	恩田チロ
oni-noboru	Oni-noboru
onigiri-kun	おにぎりくん
onikubo hirohisa	鬼窪浩久
onizuka naoshi	鬼束直
ono hiroki	小乃ヒロキ
ono kenuji	尾野けぬじ
onodera	おのでら
onodera kouji	小野寺浩二
onomeshin	オノメシン
onomesin	オノメシン
onuki tetsuro	大貫鉄郎
ooba nii	大庭新
oobanburumai	オオバンブルマイ
oobayashi mori	大林森
oohara kyutarou	大原久太郎
oohara tsutsumi	大原つつみ
oohashi kaoru	大橋薫
oohashi takayuki	オオハシタカユキ
oohira sunset	太平さんせっと
ooi hanimaru	大井はに丸
ooi sakae	大井栄
ooishi chuuni	大石中二
ooishi hiroto	オオイシヒロト
ooishi kou	大石コウ
ooizumi daisaku	大泉だいさく
ookami ryousuke	狼亮輔
ookami uo	オオカミうお
ookuma tanuki	大熊狸喜
oomichi imuta	大道いむた
oomori harusame	大守春雨
oona mitsutoshi	おおなみつとし
oonami youko	大波耀子
oono tetsuya	大野哲也
oonuki makuri	大貫まくり
ooshima ryou	大嶋亮
ooshima takeshi	大島岳詩
ooshima towa	大島永遠
oosugi kazuma	大杉和馬
oota minomushi	緒々田みの虫
ootake hisakazu	大竹久和
ootaki kazufumi	大瀧一文
ootomo megane	大朋めがね
ootori mahiro	弥美津ヒロ(鳳まひろ)
ootori ryuuji	おおとりりゅうじ
ootsuka kotora	大塚子虎
ootsuka potato	大塚ぽてと
ootsuka reika	大塚麗夏
ootsuki michiro	大槻ミチロヲ
ootsuki michirowo	大槻ミチロヌ
ootsuki wataru	大月渉
oouso	大嘘
ooya nako	大矢なこ
ooyama mimizu	大山ミミず
oozorawakaba	大空若葉
orange nukunuku	ヌクヌクオレンジ
oreiro	オレイロ
ori	緒莉
orico	Orico
orihime	ORIHIME
orikawa	折川
orikuchi	折口
orikura makoto	織倉まこと
orimiya mai	おりみや舞
orimoto mimana	おりもとみまな
orishima yupopo	織島ユポポ
orizumeda nyoizou	折詰田如意三
oroneko	おろねこ
orutoro	おるとろ
osakana sankaku	御魚三角
oshare kyoushitsu.	おしゃれ教室。
oshii rei	押井零
oshima takeshi	大島岳詩
oshino shinobu	忍野しのぶ
osomatsu	おそまつ
osuzu akiomi	尾鈴明臣
otabe sakura	おたべさくら
otochichi	おとちち
otohiko	音彦
otokawa kazuki	乙川霞月
otonari afuro	乙鳴アフロ
otonashi kyousuke	音無響介
otone	音音
otono natsu	音乃夏
otoo	おとぉ
otosato ryoutarou	乙里玲太朗
otsubu	OTSUBU
otsuka kotora	大塚子虎
otsuki akari	大月あかり
otsuki miu	大槻ミゥ
ottoman turks	オスマントル子
ouhira sunset	太平さんせっと
ouma	OUMA
ouma tokiichi	逢魔刻壱
oumi rin	淡海霖
ousaka kyouichirou	逢坂京一郎
outou chieri	桜桃千絵里
owal	おわる
owari umeshige	尾張ウメシゲ
oyama yasunaga	尾山泰永
oyster	オイスター
oyu no kaori	お湯の香り
ozaken	オザケン
ozaki akira	尾崎晶
ozaki mirai	尾崎未来
ozaki miray	尾崎未来
ozawa akifumi	織澤あきふみ
ozawada kengo	小沢田健吾
oze akiba (horihone saizou)	小瀬秋葉 (掘骨砕三)
ozora ituki	大空樹
ozuno mahou	緒図乃真朋
ozy	オジィ
p-chan	Pちゃん
pacific	PACIFIC
paint robo	ペイントロボ
paja	破邪
palco nagashima	パルコ長嶋
parabola	ぱらボら
paradigm	パラダイム
pararan	ぱららん
parasol	Parasol
parfait	ぱふぇ
pari-miki	ぱり～みき
parufechi mokimaru	ぱるふぇちもきまる
patriciana kikuchi	パトリシアーナ菊池
peach ku	桃区
pedocchi	ぺどっち
pei	ぺい
penicillin xi	ペニシリンXI
peniire	ペニイレ
pennel	Pennel
persona	ぺるそな
petancoside	ぺたんこさいど
peter mitsuru	ペーター・ミツル
phantom	ふぁんとむ
piero	PIえろ
pierre norano	ピエールのらの
pierre yoshio	ピエ～ル☆よしお
pierre ☆ yoshio	ピエ～ル☆よしお
pija	ピジャ
pikazo	ピカゾー
pikupikun	ピクピクン
pink pineapple	ピンクパイナップル
pink taro	ピンク太郎
pink tarou	ピンク太郎
pirano	ピラノ
piririnegi	ぴりりねぎ
piromizu	ピロ水
pirontan	ピロンタン
pizzicato	ピチカート
pj-1	PJ-1
pnrk	Pnrk
po-ju	ぽ～じゅ
pochi katou	ポチ加藤
pochi.	ぽち。
point takashi (milk koubou)	ぽいんとたかし
pon takahanada	ポン貴花田
poncocchan	ぽんこっちゃん
ponkotsu works	ぽんこつわーくす
ponpon	PONPON
ponpon itai	ぽんぽんイタイ
ponsuke	ポンスケ
pony r	ポニーR
pooh	POOH
porno studio	ポルノスタディオ
poruno ibuki	ぽるのいぶき
potion	ぽ～しょん
potu	ぽつ
pretty	ぷりてゐ
protonsaurus	プロトンザウルス
psy walken	Psy Walken
psyche delico	彩景でりこ
psycho	さいこ
psycocko	砕骨子
punita	ぷにた
puribou	プリ坊
puritewi	ぷりてゐ
purupyon saitou	PURUpyon西東
putomain	プトマイン
puyo	ぷよ
puyocha	ぷよちゃ
puyon	ぷよん
pyon-kti	ぴょん吉
q	Q
q-gaku	Q-GaKu
qdou kei	Q堂恵
qmaoh	球魔王
quanxing	光星
qunami (qunami himehiko)	QUNAMI (九波ヒメヒコ)
quzilax	クジラックス
r-ex	R-Ex
r-gen	R言
r-koga	あ〜る・こが
r. kogakun (r-koga)	R. 古賀勲(あ～る・こが)
ra-kailum	らーかいらむ
ra-kalium	らーかいらむ
raidon	来鈍
raiou	RAIOU
raita	来太
rakko	らっこ
rakuji tarahi	楽時たらひ
rakujin	らくじん
rakuto yuika	楽人唯夏
ramiya ryou	蘭宮涼
ran hiryu	飛龍乱
random	ランダム
ranka	RANKA
rasahan	ラサハン
rasshaaveraku	ラッシャーヴェラク
rate	RaTe
raven	RAVEN
raymon	RAYMON
raynart	Raynart
rbooks	rbooks
rca	Rca
re-fire (tatsunami youtoku)	リファイア (辰波要徳)
rebirth	rebirth
rebis	Rebis
red paprika	RED Paprika
red-rum	RED-RUM
red.d	Red.D
redguy	REDGUY
redlight	REDLIGHT
redrop	ReDrop
reiha	零覇
reiji	ねいぢ
reizei	冷泉
rekurieru	レクリエール
ren	REN
ren sport	れん しゅぽると
renn sport	れん・しゅぽると
revenge hate	詈駢寺兵人
ri-ru	りーるー
ri-ru-	りーるー
rice cake	らいすけいく
rico	Rico
rie-chan 14-sai	りえちゃん14歳
rikao	梨加夫
rikka satomi	立夏さとみ
riko	利行
rikomaru	りこ丸
riku	リク
rikudou maki	六堂真稀
rin	鱗
rin suumin	鈴好明
rindou	竜胆
rinno arara	りんのあらら
rinri kazuki	倫理一輝
rinrin	RINRIN
rinsuumin	鈴好明
ro	Ro
rocket engine	ロケットエンジン
rocket kyoudai	ロケット兄弟
rocket monkey	ロケットモンキー
rohgun	老眼
rokkaku yasosuke	六角八十助
rokuichi	六壱
rokujou mugi	六条麦
rokuma susumu	呂熊進
rokumei kanau	鹿鳴叶
rokuro	六路
rom minoh	ROM☆MINOH
rootnuko	rootnuko
ros (r-works)	ROS (R-WORKS)
rose crown	ローズクラウン
rougan	老眼
roy tong-koh	瑞東航
roze	ロゼ
ruen rouga	龍炎狼牙
ruka hikaru	瑠夏ひかる
ruku	る〜く
runa	るんぁ
ruri ruri	るりるり
ruriruri♡	るりるり♡
rusher verak	ラッシャーヴェラク
rusher veraku	ラッシャーヴェラク
rushi	るし
russia no dassouhei	ロシヤの脱走兵
rustle	らする
rusty soul	Rusty Soul
ruuen rohga	龍炎狼牙
ruuen rouga	龍炎狼牙
ryao	リャオ
ryo	りょう
ryoh yuuki	結城稜
ryoh-zoh	椋蔵
ryohzoh	椋蔵
ryoji	Ryoji
ryoma	ryoma
ryou	りょう
ryouei	諒英
ryouga taku	良河卓
ryoumoto hatsumi	嶺本八美
ryouran douji (atari hiroyuki)	繚乱童子 (辺ヒロユキ)
ryouran douji (ex atari hiroyuki)	繚乱童子 (ex 辺ヒロユキ)
ryuga syo	龍牙翔
ryuichi hiraoka	平岡竜一
ryuji kawamoto	川源流寺
ryuno	RYUNO
ryuta	竜太
ryuta amazume	甘詰留太
ryuuga sin	龍河しん
ryuuki yumi	りゅうき夕海
ryuumon kazuki	龍門主樹
ryuusei x u-jin	流星x遊人
ryuuta	竜太
saaga miono	サーガ ミオノ
saba satoru	佐波サトル
sabaneko	さばねこ
sabashi renya	左橋レンヤ
sabe	SABE
sabi wasabi	錆わさび
saburo	サブロー
saburoh	SABUROH
saburou	サブロー
sabusuka	サブスカ
sachi sakana	サチ・サカナ
sada ko-ji	さだこーじ
sado	さど
sadokko	さどっこ
saegusa kohaku	冴草こはく
saeki	佐伯
saeki gekka	鏈堜笅鍐村枩
saeki tatsuya	佐伯達也
saeki yukako	佐伯由香子
saemon	サエモン
safata	さふぁ太
saga planets	サガプラネッツ
sagami hina	相模ひな
sagami yoshitsune	沙神よしつね
sagamiya takafumi	さがみやたかふみ
sagano hellmer	サガノヘルマー
sagano yuuji	サガノユウジ
sagattoru	サガッとる
sagisawa anzu	さぎさわあんず
sahari	サハリ
sahashi renya	左橋レンヤ
sai kitani	木谷さい
saida kazuaki	さいだ一明
saida nika	再田ニカ
saidaime tamabukuro yaburu	三代目玉袋ヤブル
saigado	彩画堂
saigado (ishoku dougen)	彩画堂 (異食同元)
saika tasuku	雑賀匡
saikawa toh	斉河燈
saiki keita	サイキケイタ
saikoro steak	サイコロ・ステーキ
saitani umetarou	才谷ウメタロウ
saito sakae	さいとー栄
saitom	saitom
saitou choro	さいとうちょろ
saitou tsukasa	さいとうつかさ
saitouyafu	サイトウヤフ
saiya	彩也
saiyazumi	さいやずみ
saji-pen	さじぺん
sajipen	さじぺん
sakagami umi	坂上海
sakaguchi shizuka	さかぐちしずか
sakai doujin	酒井童人
sakai hamachi	堺はまち
sakai hiroyasu	酒井ヒロヤス
sakai hitoshi	酒井仁
sakai nayuta	坂井なゆ太
sakai onta	坂井音太
sakai ringo	坂井リンゴ
sakaki hitomi	さかきひとみ
sakaki kasa	さかき傘
sakaki maki	榊MAKI
sakaki naomoto	さかきなおもと
sakaki shiori	さかき栞
sakaki utamaru	榊歌丸
sakamoto(neko)	さかもと(猫)
sakana tomomi	魚ともみ
sakari irotsuki	十六女十八女
sakatsura hasuya	佐桂蓮弥
sakawaki hirota	サカワキヒロ太
sake	鮭
sakemasu	サケマス
saki kaori	咲香里
saki urara	さきうらら
sakino yuuya	咲乃ユウヤ
sakira	サキラ
sakokichi	さこきち
sakomae aichi	佐古前あいち
saku jirou	咲次朗
saku yukizou	朔ユキ蔵
sakula	SAKULA
sakura	咲良
sakura akami	佐倉赤身
sakura eri	さくら恵理
sakura gai	さくら・がい
sakura hanatsumi	佐倉はなつみ
sakura hiiro	さくらひいろ
sakura hikomaru	桜彦丸
sakura kumi	佐蔵久美
sakura mafumi	佐倉まふみ
sakura mitono	天櫻みとの
sakura puchilo	さくらぷちろー
sakura romako	桜ロマ子
sakura sae	佐倉小枝
sakurabashi buncha	桜橋文茶
sakuragai	さくらかい
sakuragawa sonoko	桜川園子
sakuragi ayan	桜木あやん
sakuragi mitsuru	櫻木充
sakuragi piroko	桜木ピロコ
sakuragi yaya	桜木あやん
sakurai minami	櫻井ミナミ
sakurai sakuya	桜井さくや
sakurako	桜娘
sakurami hiroki	櫻見弘樹
sakuraniku umatarou	桜肉馬太郎
sakurano hikaru	さくらの輝
sakuratsuki rin	桜月りん
sakurayu haru	桜湯ハル
sakurazuki masaru	桜月マサル
sakuya shion	咲夜しおん
salmon	鮭
sameba ikuya	鮫葉いくや
sameda koban	さめだ小判
samidare setsuna	五月雨せつな
samozumo tooru	さもずも融
san kento	三顕人
sanada	サナダ
sanada rin	真田鈴
sanagi torajiro	蛹虎次郎
sanagi torajirou	蛹虎次郎
sanba riwo	三葉りを
sanba so	さんば挿
sanbasou	さんば挿
sanbun kyoden	山文京伝
sanbun kyouden	山文京伝
sanezaki tsukiuo	志崎月魚
sangatsu usagi	三月うさぎ
sanjou tomomi	三条友美
sanjuro yumesaki	夢咲三十郎
sankichi	さんきち
sannyuutei shinta	三乳亭しん太
sano takashi	佐野タカシ
sano takayoshi	さのたかよし
sano yuu	佐野ユウ
sanri yoko	さんりようこ
sanrokumaru	さんろく丸
sanshoku sumire	三色すみれ
sansyoku amido.	三色網戸。
santa	Santa
sanukiyan	さぬきやん
saotome ageha	さおとめあげは
saotome mokono	早乙女もこ乃
sarada masaki	さらだまさき
saranaru takami	皿成高味
sarunote isao	猿ノ手功
sas	SAS
sasachinn	ささちん
sasagami momo	ササガミ百
sasagawa hayashi	笹川ハヤシ
sasahara yuuki	佐々原憂樹
sasakama megumi	ささかまめぐみ
sasaki bullet	佐々木バレット
sasaki maru	笹木まる
sasaki mizuki	佐々木みずき
sasaki sasa	笹木ささ
sasaki tatsuya	ささきタツヤ
sasakura ayato	笹倉綾人
sasamori tomoe	笹森トモエ
sasamura gou	笹村剛
sasayama ayako	笹山綾子
sasayuki	SASAYUKi
satetsu	サテツ
sato kaoru	佐藤かおる
sato-satoru	さとーさとる
satochizu	さとちず
satomi	さとみ
satomi hidefumi	さとみひでふみ
satomi hinako	里海ひなこ
satonishi	サトニシ
satoru	聖
satoshi kishinosato	岸里さとし
satoshi urushihara	うるし原智志
satou chagashi	佐藤茶菓子
satou kuron	佐藤黒音
satou kuuki	左藤空気
satou marumi	佐藤丸美
satou murasame eitaroh	佐藤村雨英太郎
satou saori	佐藤沙緒理
satou shinmaru	さとうしんまる
satou takahiro	嵯刃たかひろ
satou toshio	佐藤登志雄
satsuki imonet	皐月芋網
satsuki itsuka	五月五日
satsuki mikazu	皐月みかず
satsuki neko	五月猫
satuyo	さつよ
savan	SAVAN
sawada daisuke	沢田大介
sawada furope	沢田ふろぺ
sawada ryuuji	沢田竜治
sawajiri merou	沢尻メロウ
sawaki	さわき
sawamura ao	沢村青
sawano akira	澤野明
sawara no goan	さわらの五庵
sawarano goan	さわらの五庵
sawayaka samehada	さわやか鮫肌
sayori	さより
sayosayo	涼涼
sayryu	性竜
sayuki	紗雪
scarlet beriko	スカーレット・ベリ子
schran	しゅらん
see.o	See.O
segami daisuke	瀬上大輔
seidansha × kakyouin kaori	清談社×花京院薫
seigyoku	青玉
seihoukei	せいほうけい
seiji aura	あうら聖児
seiji matsuyama	松山せいじ
seiju	セイジュ
seishoujo	聖少女
seito a	生徒A
seki suzume	セキスズメ
sekiguchi hiroki	セキグチヒロキ
sekiken	セキケン
selen	Selen
sen	SeN
sena chifuyu	瀬奈茅冬
sena youtarou	瀬奈陽太郎
senbikiya nanigashi	千匹屋某
sendaimajin	仙台魔人
sendou hachi	仙道八
sengoku murasaki	千石紫
sengoku-kun	戦国くん
senno knife	千之ナイフ
senor daietsu	セニョール大悦
senpuu	旋風
sensouji kinoto	浅草寺きのと
senya yomi	千夜詠
sera	せら
sera kouro	世良公路
serizawa	芹沢
serizawa katsumi	芹沢克己
seto yuuki	世徒ゆうき
setsuna	刹奈
seura isago	瀬浦沙悟
sexyturkey	すたーきー
sgk	SGK
shabon	SHABON
shaian	しゃいあん
shake	ShAKe
shiawase no katachi	幸せのかたち
shiba junko	司馬淳子
shiba nanasei	紫七世
shibahara gocho	しばはらごちょ
shibari kana	縛夏奈
shibasaki syouzi	柴崎ショージ
shibata masahiro	柴田昌弘
shibuki oroshi	飛沫おろし
shida	シダ
shiden	しでん
shiden akira	しでん晶
shiden hiro	四電ヒロ
shido mayuru	志堂マユル
shidou mayuru	志堂マユル
shiga saori	紫賀 サヲリ
shigaoka touki	志峨丘トウキ
shigemiya kyouhei	樹宮匡平
shigunyan	しぐにゃん
shigure	時雨
shihachiro	しはちろ
shihira tatsuya	シヒラ竜也
shiina	シイナ
shiina ahiru	椎菜あひる
shiina akino	椎名秋乃
shiina furomu	椎名フロム
shiina kazuki	しいなかずき
shiina nami	椎名波
shiira sara	しいらさら
shijima yukio	四島由紀夫
shijou sadafumi	四条定史
shikage nagi	しかげなぎ
shikawa yumiya	紫川弓夜
shiki	支葵
shiki takuto	史鬼匠人
shikigami azuma	しきがみあずま
shikigami kuroko	式神くろ子
shikishiro konomi	色白好
shima kyousuke	志摩京佑
shima sanmei	島三名
shima shuu	しまシュー
shima syu	しまシュー
shimachiyo	しまちよ
shimaji	しまじ
shimamoto harumi	島本晴海
shimamoto harumi.	島本 晴海。
shimanto yo-ta / shimanto youta (shimanto seiryuu)	四万十曜太 (四万十清流)
shimanto youta	四万十曜太
shimao kazu	嶋尾和
shimataka	しまたか
shimazu izumi	島津出水
shimazu tekko	島津鉄甲
shimi	紙魚
shimimaru	紙魚丸
shimizu kiyoshi	清水清
shimizu mariko	清水マリコ
shimizu naotaka	志水なおたか
shimizu yuki	志水ゆき
shimizu yume	志水結女
shimogaya pikusu	しもがやぴくす
shimogaya pix	しもがやぴくす
shimon ryushiro	子門竜士郎
shimon ryuushirou	子門竜士郎
shimotsuki juugo	下月重吾
shin	新
shin tsuguru	シン･ツグル
shinade kuro	科手黒
shinagawa ham	品川ハム
shinama	しなま
shinano rurusa	信乃流々砂
shinano yura	しなのゆら
shinba yagi	神馬耶樹
shinda mane	新田真子
shindo l	新堂エル
shindol	新堂エル
shindou	しんどう
shindou naoto	新堂なおと
shinichi izawa	伊沢慎壱
shinji mao	真慈真雄
shinjima saki	心島咲
shinjou ruru	新条るる
shinkai	真海
shinkaichi satomi	しんかいちさとみ
shinkaida tetsuyarou	新貝田鉄也郎
shinkuukan	真空間
shino	シノ
shino yuishi	篠ゆいし
shinobu	詩乃譜
shinobu tanei	志乃武丹英
shinoda kazuhiro	篠田一宏
shinogi a-suke	しのぎ鋭介
shinogiri zun	忍桐ずん
shinohara tesshou	篠原哲生
shinonome maki	東雲舞樹
shinonome mizuo	東雲水生
shinonome ryu	東雲龍
shinonome ryuu	東雲龍
shinonome tarou	東雲太郎
shinooka homare	篠岡ほまれ
shinouji etorouji	塩野干支郎次
shinozaki rei	しのざき嶺
shinozuka atsuto	しのづかあつと
shinozuka george	篠塚醸二
shinozuka jouji	篠塚醸二
shinozuka yuuji	篠塚裕志
shinshin	しんしん
shintani kaoru	新谷 かおる
shioberi yoshiki	しおべり由生
shiokaze oga	潮風OGA
shiokaze sango	潮風サンゴ
shiokonbu	しおこんぶ
shiomaneki	シオマネキ
shion	紫恩
shioroku	シオロク
shioya maico	塩屋舞子
shioyama bou	潮山ぼう
shiraichigo	しらいちご
shiraishi nagisa	白石なぎさ
shiraishinsuke	白石Nスケ
shiran takashi	しらんたかし
shirano jin	白野じん
shiranui rei	不知火霊
shirataki shun	しらたき春
shirogane hina	シロガネヒナ
shirogane jun	白銀純
shirogoma rai	白駒らい
shiroie mika	白家ミカ
shirokuma douji	白熊童子
shiromi kazuhisa	しろみかずひさ
shiromitsu daiya	白蜜ダイヤ
shironeko sanbou	白猫参謀
shirono akira	城野晃
shirono mahiro	シロノマヒロ
shiroo	奇械田零士朗
shirota kuronosuke	白田クロノスケ
shirota kurota	シロタクロタ
shirotsumekusa	城爪草
shiruka bakaudon	知るかバカうどん
shis (z-ton)	SHIS (Zトン)
shisaki tayu	士崎多結
shishiji	ししじ
shishoku gankou	紫色雁行
shitataru	志田樽
shiun	SHIUN
shiun sanchou	紫雲山頂
shiwasu no okina	師走の翁
shiyotsuki sasa	詩夜月笹
shizaki masayuki	士崎雅雪
shizuka	SHIZUKA
shizuki shinra	獅月しんら
shizuki shuuya	紫月秋夜
shizuki shuya	紫月秋夜
shomu	しょむ
shona mitsuishi	庄名泉石
shono kotaro	宵野コタロー
shoryutei enraku	昇龍亭圓楽
shotenin matori	書店院まとり
shou akira	憧明良
shouhei	笑平
shouji ayumu	小路あゆむ
shouji nigou	庄司二号
shouna mitsuishi	庄名泉石
shouno kotaro	宵野コタロー
shousan bouzu	しょうさん坊主
shuko	SHUKO
shunjou shuusuke	春城秋介
shunmin mk.iii	春眠Mk.III
shunmin mutsumi	春眠六泉
shunzou	しゅんぞう
shuz	shuz
sian	Sian
sid alice	獅童ありす
sikorsky	シコルスキー
silky's	シルキーズ
simba takafumi	しんば鷹史
simon	さいもん
sinbo tamaran	神保玉蘭
sink	SINK
sinkuukan	真空間
siokaze sango	潮風サンゴ
sirokuma	しろくま
sisei tokei	市井時計
smac	SMAC
smilodon	スミロドン
snowberry	スノーベリ
soba	Soba
soba	soba
sogabe toshinori	宗我部としのり
soi	Soi
solopipb	ソロピップB
somejima	ソメジマ
someoka yusura	染岡ゆすら
someya miho	染谷美帆
son yohsyu	孫陽州
sono	SONO
sonobe kazuaki	園部一晶
sora iro march	空色まーち
sorahati midoro	空蜂ミドロ
sorai shinya	空維深夜
sorairo kanata	空色かなた
sorami	空見
soramoto kan	そらもとかん
soramoto koh	空本光王
sorani	Sorani
sorano tsubame	そらのつばめ
sorimura youji	そりむらようじ
sorono	Sorono
sou! dengaku	そう！でんがく
souda banira	そうだばにら
souijou	走為上
souji hougu	掃除朋具
souko souji	倉子倉次
souma tatsuya	そうま竜也
souryuu	双龍
soushamoku	桑柘木
sowitchraw	Sowitchraw
soyoki	そよき
sozatsu nae	粗雑那絵
sozatu nae	粗雑那絵
spark utamaro	スパークうたまろ
speed	SPEED
spiritus tarou	スピリタス太郎
sr watanabe makoto	SR渡辺誠
st. retcher	ST.レッチャー
st.retcher	ST.レッチャー
stealth changing line	ステルス改行
stem	stem
stile-88	すてぃる88
still88	すてぃる88
studio e.go!	Studio e.go!
sudoo kaoru	すどおかおる
sudou ruku	須藤るく
suehiro maruo	丸尾末広
suehirogari	すえひろがり
suemitsu dicca	すえみつぢっか
suetora ryo	据虎涼
sugaishi	すがいし
sugar milk	シュガーミルク
sugarbt	sugarBt
sugi g	すぎぢー
sugi thunder	スギサンダー
sugihara johichiroh	杉原丈一郎
sugimoto rio	杉本リオ
sugina miki	杉菜水姫
sugitomo kazuhiro	杉友カヅヒロ
sugiura sen	杉浦線
sugiyama genshou	すぎやま現象
sugo ryo	須郷良
suien	翠燕
suika	Suika
suika hazan	西瓜波山
suika koron	酔花ころん
sukekiyo	すけきよ
sukesaburou	助三郎
sukiyoshi shinji	好善信士
sumeragi kohaku	すめらぎ琥珀
sumihey	すみ兵
sumino yuji	速野悠二
sumino yuuji	速野悠二
sumiregawa enikusu	菫川エニクス
sumisuzu	すみすず
sumita kazuasa	隅田かずあさ
sumiya	スミヤ
sumiyama bunpei	炭山文平
sumiyao	すみやお
sumizome miyako	墨染ミヤコ
sumomo kpa	李KPA
sumomo pink	すももぴんく
suna	砂
suna nezumi	すな☆ねずみ
sunagawa tara	砂川多良
sunahama nosame	砂浜のさめ
sunakawa tara	砂川多良
sunaoka akuto	砂岡亜久人
suo mifumu	スオミフム
suruga rinu	駿河りぬ
surumesu	スルメス
sute	すて
suterii	すてりい
suuchin	すうちん
suwa moi	須和もい
suzudama renri	鈴玉レンリ
suzuhane suzu	すずはねすず
suzuhira hiro	鈴平ひろ
suzui narumi	鈴井ナルミ
suzuki akoni	鈴月あこに
suzuki hinomi	鈴木ひのみ
suzuki hiromichi	鈴木ひろみち
suzuki kimuchi	鈴木キムチ
suzuki kokono	鈴木玖
suzuki kyoutarou	鈴木狂太郎
suzuki mira	すずきみら
suzuki nago	鈴木和
suzuki shigeru	鈴木しげる
suzuki shinobu	鈴木忍
suzuki sinobu	鈴木忍
suzukuri ransei	涼栗乱成
suzume miku	すずめみく
suzumiya kazuki	涼宮和貴
suzunone kanata	音々かなた
suzusawa mizuki	すずさわ瑞樹
suzushiro yakumo	すずしろやくも
suzutsuki tohru	鈴月奏
swakichi	すわきち
syati kamaboko	シャチカマボコ
syoki	そよき
syou	Syou
syou katase	かたせ湘
syoukaki	消火器
syowmaru	翔丸
syu	SYU
syuuen	終焉
t-north (matsumoto mitohi.)	T-NORTH (松本ミトヒ。)
t.fumiya	T·郁弥
t.k-1	T.K-1
t2	T2
tabe koji	たべ・こーじ
tachibana	たちばな
tachibana aruto	橘アルト
tachibana atsushi	橘敦司
tachibana kai	橘海衣
tachibana kaoru	たちばな薫
tachibana naoki	断華ナオキ
tachibana omina	立花オミナ
tachibana pan	橘ぱん
tachibana seven	橘セブン
tachibana shinji	橘真児
tachibana takashi	橘孝志
tachibana tora	橘トラ
tachibana toshihiro	たちばなとしひろ
tachibana yuu	橘由宇
tachikawa ritsuka	立川立夏
tachikaze shuusui	太刀風秋水
tada atsunori	ただ☆あつのり
tada isamu	多田イサム
tadano myoushi	忠之みょうし
tagame gengoroh	田亀源五郎
tagro	TAGRO
taguchi masayuki	田口正雪
taihei tengoku	太平天極
taikou	タイコウ
taikuu jikan	滞空時間
tailwind	TAILWIND
taira hajime	たいらはじめ
taira kosaka	平こさか
taira tsukune	平つくね
tairame	タイラメ
taishinkokuoh anton	大秦国王安敦
taji	たじ
taka no aka	たかのうあか
takada shinichirou	高田慎一郎
takadanobaba	高田馬場
takaha shin	鷹羽シン
takaha shin x kino hitoshi	鷹羽シン×鬼ノ仁
takahama tarou	高浜太郎
takahashi kaho	高橋果甫
takahashi kobato	高橋こばと
takahashi kojika	高橋こじか
takahashi saeko	高橋冴虎
takahashi shou	高橋ショウ
takahashi syou	高橋ショウ
takahasi syou	高橋ショウ
takahiro hiryuu	緋龍高弘
takaku shouko	高久尚子
takaku tubby	シロノマヒロ
takamatsu makoto	高松誠人
takamichi	TAKAMICHI
takamiya hairi	高宮はいり
takamura chinatsu	篁千夏
takamura wamu	高村わむ
takana yu-ki	鷹那優輝
takanabe chitose	高鍋千歳
takanae kyourin	高苗京鈴
takanaga hinako	高永ひなこ
takanaga kouhei	高永浩平
takanashi miyara	鳥遊里都
takane no hana	たかねのはな
takane nohana	たかねのはな
takano miki	高野美紀
takano saku	嵩乃朔
takano yuki	鷹乃ゆき
takanori kiriri	霧李孝徳
takao hiroi	高緒拾
takao ukyou	高雄右京
takao yori	高尾鷹浬
takaoka chikara	高岡智空
takaoka motofumi	高岡基文
takara akihito	宝あきひと
takara kohsuke	宝耕介
takasaka donten	高坂曇天
takasaki takemaru	高崎たけまる
takase muh	高瀬むぅ
takase yuu	鷹勢優
takashi	タカシ
takashi ishii	石井隆
takashi tachibana	橘孝志
takashiro go-ya	高城ごーや
takasugi kou	タカスギコウ
takato kurosuke	高遠くろ助
takato rui	高遠るい
takatobi takeshi	たかとび雄
takatoma takama	たかとまたかま
takatsu	高津
takatsuki ichi	タカツキイチ
takatu	Takatu
takaya aya	嵩夜あや
takayaki	たかやKi
takayama chihiro	高山千尋
takayamanon	タカヤマノン
takayanagi katsuya	高柳カツヤ
takayuki hiyori	宇行日和
takayuki kusano	草野たかゆき
take	タケ
takebayashi takeshi	武林武士
takeda aranobu	武田あらのぶ
takeda hiromitsu	武田弘光
takeda shunpei	武田俊平
takei tsukasa	タケイツカサ
takeichi okome	竹壱おこめ
takeki michiaki	武輝導明
takemasa takeshi	武将武
takemura sesshu	竹村雪秀
takenaka hideo	武中英雄
takenoko seijin	たけのこ星人
takenoko seijin (takesato)	たけのこ星人 (たけさと)
takeshi oshima	大島岳詩
takeshi takebayashi	武林武士
takeshita kenjirou	竹下けんじろう
takeuchi kazuma	武内一真
takeuchi ken	竹内けん
takeuchi reona	竹内冷於奈
takeuma nigou	竹馬2号
takeuti ken	竹内けん
takezamurai	武侍
taki hajime	瀧ハジメ
taki minashika	滝美梨香
taki re-ki	滝れーき
takishiro mikitaka	滝城みきたか
takitomo tsuguo	滝智次朗
takizawa hajime	瀧澤春
takizawa naia	滝沢ナイア
takorina gahaku	たこりーな画伯
takto	TAKTO
takuji	たくじ
takumi-kouta	たくみこうた
takura mahiro	田倉まひろ
takurou	たくろう
takuto	拓人
takuwan	たくわん
tama	タ☆マ
tama ii	たまつー
tama noboru	たまのぼる
tamachi yuki	たまちゆき
tamago kake gohan	たまごかけごはん
tamagoro	たまごろー
tamai shikine	タマイシキネ
tamaki	TAMAKI
tamaki hisao	たまきひさお
tamaki kurou	鐶九朗
tamaki nozomu	環望
tamaki yayoi	珠樹やよい
tamao	TAMAO
tamaquis wren	環レン
tamaru makoto	田丸まこと
tamasaburou syuntou	春藤玉三郎
tamekou	ためこう
tamikusa namida	民草涙
tamiya akito	田宮秋人
tamon	たもん
tamon ketsuyuki	多門結之
tamura	田村
tamura junpei	田村純兵
tamura mamoru	たむらまもる
tana	TANA
tanabe	TANABE
tanabe kyou	田辺京
tanaka aji	田中あじ
tanaka decilitre	田中竕
tanaka ekisu	田中エキス
tanaka hiroaki	田中ひろあき
tanaka juice	田中十酢
tanaka keigo	たなかけいご
tanaka kouji	タナカ☆コージ
tanaka naburu	NABURU
tanaka nanataka	たなかななたか
tanaka rin	田中琳
tanaka seiji	田中誠司
tanaka suzuki	田中鈴木
tanaka tama	田中珠
tanaka yutaka	田中ユタカ
tanaka-ex	田中エキス
tanakakeigo	たなかけいご
taneichi	たねいち
tanenashi miya	種梨みや
tanesuke anzai	安斉種介
tange suzuki	丹下スズキ
taniguchi-san	谷口さん
tanimachi maid	谷町めいど
tanimura marika	谷村まりか
tanishi	たにし
taniuchi kazuki	谷内和生
tanizakura shidare	谷桜しだれ
tankei horie	堀江耽閨
tanken harahara	探検はらはら
tanohito	たのひと
tantan	たんたん
tanuma junichi	田沼淳一
tanuma yuuichirou	田沼雄一郎
taono kinoko	汰尾乃きのこ
tar	TAR
tarakan	たらかん
tarazoo	たらぞお
taro wolf	狼太郎
taropun	たろプン
tataoka nanaroku	高岡七六
tateha	立羽
tateno tomoki	タテノトモキ
tatsukawa kazuto	龍川和ト
tatsumi hirohiko	巽飛呂彦
tatsumi jin	辰巳仁
tatsumi yume	辰巳ゆめ
tatsunami takajin	達波鷹仁
tatsunami youtoku	辰波要徳
tatsuse yumino	龍瀬弓乃
taura kouji	田浦こうじ
tawara hiryuu	俵緋龍
tayama mamito	田山真美人
tecchan	てっちゃん
techno samata	テクノサマタ
tehen	てへん
teil	Teil
tekkannon chiya	鉄観音千夜
tekkanon chiya	鉄観音千夜
tekuteku	てくてく
tel	朝峰テル
tenchuumaru	天誅丸
tendo masae	天道まさえ
tendou itto	天童一斗
tendou masae	天道まさえ
tenjiku rounin	天竺浪人
tenma femio	天馬ふぇみお
tenro aya	天路あや
tenro mukoujima	むこうじまてんろ
tensei-kun	転生くん
tenshinro ryoichi	天真楼亮一
tenshinrou ryoichi	天真楼亮一
tenyo	天鷹
tenzaki kanna	天崎かんな
teppo	鉄歩
teri terio	てりてりお
tes-mel	TES-MEL
teshigawara kosuke	勅使河原小助
teterun	ててるん
tetramax	てとらまっくす
tetsu	てつ
tetsuna	テツナ
the amanoja9	天野じゃく
the amanojo9	The Amanoja9
the seiji	THE SEIJI
thikiso takeda	ティキソー竹田
thomas	藤ます
tigre soft	てぃ～ぐる
tigusa suzume	千草雀
tikisou takeda	ティキソー竹田
tiko	Tiko
tikuma jukou	筑摩十幸
till yoshi	てぃるょし
tinkerbell	TinkerBell
toba yuga	跳馬遊鹿
tobatoinu	とばといぬ
todd oyamada	トッド小山田
todoroki shuusei	等々力秋声
togami shin	十神真
togashi	冨樫
togawa hanamaru	戸川花丸
toguchi masaya	トグチマサヤ
tohdou ryou	藤堂りょう
tohgarashi hideyu	唐辛子ひでゆ
tohru nishimaki	にしまきとおる
tohyama mori	塔山森
tohzai	東西
toilet	トイレット
toine	といね
tojo asami	東城麻美
tokaidow micty	東海道みっちい
tokei usagi	とけーうさぎ
tokie hirohito	刻江尋人
tokieda ai	時枝あい
tokihara masato	時原マサト
tokimachi eisei	トキマチ☆エイセイ
tokimaru yoshihisa	時丸佳久
tokisaka mugi	時坂夢戯
tokisana	トキサナ
tokita alumi	鴇田アルミ
tokizumi emishi	時積恵美之
tokorozawa waltz	所沢わるつ
tokoyo akashi	常夜あかし
tokuda shinnosuke	徳田しんのすけ
tokunaga tomoko	とくながともこ
tom	Tom
tom tamio	都夢たみお
tomatojigoku	とまとじごく
tomiaki yuu	富秋悠
tomihero	トミヒロ
tomipuu	TO魅プゥー
tomita shigeru	富田茂
tomiyama akiji	兎耳山アキジ
tomizawa jun	富沢順
tomoda hidekazu	ともだ秀和
tomoe tenbu	巴天舞
tomohiro kai	智弘カイ
tomokazu rei	ともかず零
tomomimi shimon	ともみみしもん
tomomiya iiroku	朋宮飯鹿
tomonaga kazu	友永和
tomonaga kenji	友永ケンジ
tomono hiro	友野ヒロ
tomose shunsaku	トモセシュンサク
tomoshibi hidekazu	灯ひでかず
tomotsuka haruomi	ともつか治臣
tomoya kankurou	友屋勘九郎
tomozawa shou	智沢渚優
tonami satoshi	となみさとし
tongpoo	とんぷう
tonikaku	兎二角
tonkou	東航
tonnosuke	とんのすけ
tonzai	東西
toono nagisa	遠野渚
tooyama hikaru	遠山光
toranoana	とらのあな
toria	とりあ
torii kagura	鳥居神楽
torikawa sora	酉川宇宙
torimushi	鳥莉蒸師
toritora	酉寅
toriyama jin	鳥山仁
toruneko	獲る猫
tosh	tosh
toshi	都氏
toshiki yui	唯登詩樹
tottototomekichi	とめきち
tottototomekichi (tomekichi)	とっとととめきち (とめきち)
toudou kurei	藤堂玖麗
touge hiro	峠比呂
touhou meikyuu	藤蜂明鳩
touma itsuki	東磨樹
touma nao	藤馬奈緒
touma ran	冬魔乱
toumei mieru	藤茗みえる
touno itsuki	桐野いつき
toura kyura	戸浦きゅら
tousei oume	東征青梅
tousen	冬扇
touta (kitakawa touta)	トウタ (北河トウタ)
touyu stand (touyu black)	灯油スタンド (灯油ブラック)
towai raito	問合来人
tower	ToWeR
toyo	トヨ
toyokawa inari	豊川稲理
toyotama tsukushi	豊玉つくし
triage tag	TriageTag
triangle!	とらいあんぐる！
trigger	鳥賀秀光
trochilidae	蜂鳥館
tsubaki jushirou	椿十四郎
tsubakiya meguru	椿屋めぐる
tsubakiyama parry	椿山パリィ
tsubasa	TSUBASA
tsuchinoko	ツチノコ
tsuda nanafushi	津田七節
tsuge yasuna	つげ安奈
tsuguha utsugi	空木次葉
tsujikaze	辻風
tsujimori kuniwo	つじもりくにを
tsuka motomasa	津過元正
tsukako	つかこ
tsukamoto masa	津過元正
tsukasa matsuzaki	松崎司
tsukasa yuuki	司ゆうき
tsukasawa	塚沢
tsukigami hiroshi	月上宏
tsukigime jin	月極仁
tsukimori hiro	月杜尋
tsukimori izumi	月森泉
tsukimori masato	月森雅十
tsukimoto kizuki	月本築希
tsukinami kousuke	月並甲介
tsukino jyogi	月野定規
tsukino omame	つきのおまめ
tsukioka reitarou	月岡麗太朗
tsukiwani	月わに
tsukiyoshi hiroki	月吉ヒロキ
tsukudani	佃煮
tsukumo gou	つくも号
tsukuru	作
tsukushino makoto	つくしの真琴
tsumagomi izumo	妻籠いずも
tsumetoro	つめとろ
tsunoame kazuya	角雨和八
tsurugi kai	剣解
tsurusaki takahiro	鶴崎貴大
tsuruta bungaku	鶴田文学
tsuruyama mito	鶴山ミト
tsuta	鈴木ツタ
tsutsumi	包
tsutsumi akari	つつみあかり
tsutsumu akari	つつみあかり
tsuttsu	つっつ
tsuya tsuya	艶々
tsuya-tsuya	艶々
tsuyatsuya	艶々
tsuzuri	綴り
tukamori syuuji	ツカモリシュウジ
tukimi daifuku	月見大福
tukisiro saya	月白沙耶
tuna empire	まぐろ帝國
turiganesou	つりがねそう
turnover	たーんおーばー
tutiya tomorrow	土屋友郎
twilight	TWILIGHT
twinbox	TwinBox
type-moon	タイプムーン
type.90	TYPE.90
typehatena	たいぷはてな
u-18	U-18
u-hi	U-hi
u-jin	遊人
u-k	U-K
u-rin	うーりん
uba yoshiyuki	宇場義行
ube yoshiki	雨部ヨシキ
uchi uchi keyaki	内々けやき
uchi-uchi keyaki	内々けやき
uchida kaoru	内田カヲル
uchida koneri	内田こねり
uchimura kaname	内村かなめ
uchino bungo	うちの文吾
uchiuchi keyaki	内々けやき
uchiyama aki	内山亜紀
uchuu teiou	宇宙帝王
udai tetsurou	宇内鉄朗
udk	udk
ue tetsuo	上鉄巌
uebata tani	上端たに
ueda nagano	上田ながの
ueda rieko	上田リエコ
ueda yuu	上田裕
uehara ari	上原あり
uehara ryou	上原りょう
uekan	うえかん
uemukai dai	上向だい
ueno juubai	上野十倍
ueno jyubai	上野十倍
ueno naoya	ウエノ直哉
uesugi hidehiko (kitakawa touta)	上杉秀彦 (北河トウタ)
uesugi kyoshiro	上杉響士郎
uesugi kyoshirou	上杉響士郎
uesugi kyoushirou	上杉響士郎
uesugi yoko	上杉陽子
uesugi youko	上杉陽子
uetakano oike	上高野御池
ugeppa	うげっぱ
uguisu kagura	鶯神楽
ujiie moku	氏家もく
ultra siccative	ウルトラシッカチーフ
uma namihei	馬波平
umakuchi shouyu	うまくち醤油
umashika	うましか
umedama nabu	梅玉奈部
umedama nabu (tsurikichi doumei)	梅玉奈部 (釣りキチ同盟)
umekichi	ウメ吉
umeko	うめ子
umemaru	うめ丸
umetani kenji	梅谷ケンヂ
umetsu yukinori	うめつゆきのり
umeyashiki mitsuyoshi	うめやしきみつよし
umezawa takeki	梅沢たけき
umi tamako	うみたまこ
umibe shin	海辺心
umihara minato	海原港
umino luka	海野留珈
umino luka / umino ruka	海野留珈
umino sachi	海野幸
umino yayoi	海野やよい
umiushi	うみうし
umiyama misaki	宇美山ミサキ
unagimaru	鰻丸
unal	ウナル
unasaka	海境
unasaka ryo	海境涼
uncle sam	あんくるさむ
uni8	Uni8
unite souji	ユナイト双児
unite-souji	ユナイト双児
unknownmaru	杏野雲まる
unno hotaru	海野螢
unou	右脳
uo denim	魚デニム
uoman kotaroo	魚萬コタロー
uona telepin	うおなてれぴん
ura keiji	裏ケイジ
urabe katsuto	浦辺克斗
urabe katsuto (cut works publishing)	渡辺克斗 (Cut Works Publishing)
urai tami	浦井民
urakawa opera	浦河おぺら
urakuso	うらくそ
uramac	うらまっく
uran	URAN
urano ken	浦野健
urano mami	浦乃まみ
urase shioji	浦瀬しおじ
urashima reiji	浦嶋礼仁
ureshino megumi	嬉野めぐみ
urmakku	うらまっく
uroco	Uroco
urotan	うろたん
urushihara satoshi	うるし原智志
urute	Urute
urutsu	ウルツ
uruujima call	うるう島呼音
usa gintarou	うさ銀太郎
usagi kei	宇佐木恵
usagi nagomu	うさぎなごむ
usagi no tamago	うさぎのたまご
usakun	うさくん
usami yuu	うさみ優
usashiro mani	うさ城まに
usi	Usi
usoneko	うそねこ
usubeni sakurako	うすべに桜子
usuiken	うすいけん
usumy	USUMY
usyuuri	白ぅ～凪ぃ
utaki pinpon	卯陀喜ぴんぽん
utamaro	歌麿
utano	うた乃
utano hakase	うたのはかせ
utata	UTATA
utatane hiroyuki	うたたねひろゆき
utopian	優斗秘庵
utsugi tsuguha	空木次葉
utsusemi	空蝉
utu	Utu
uu izumi	うういずみ
uuizumi	うういずみ
uyuu atsuno	烏有あつの
uziga waita	氏賀Y太
v gata tankitou	V型単気筒
valiant	ばりあんと
vanilla	vanilla
vanilla boh	ばにら棒
vanilla cream	ヴァニラCREAM
various	よろず
vecstar	VECSTAR
velia	Velia
vogue	vogue
vuttiya	ヴッチャ
vyo	べぃお
wacoco waco	輪子湖わこ
wada beko	和田ベコ
wada erika	和田エリカ
wakaba soh	若葉総
wakachiko	わかちこ
wakai ikuo	若井いくお
wakamesan	ワカメさん
wakamiya santa	若宫参太
wakana hanabi	稚名はなび
wakatsuki	若月
wakatsuki (kancho hatto)	若月 (艦長法度)
wakatsuki hikaru	わかつきひかる
wakino keibun	脇乃敬文
walnov	ワルノブ
wamusato haru	和六里ハル
wanao	わなお
wanyanaguda	完顔阿骨打
warabino matsuri	蕨野まつり
warabuki iraka	わらぶきいらか
warashibe	わらしべ
wasu	ワス
watai	わたい
watan kazunari	わたんかづなり
watanabe asia	わたなべあじあ
watanabe hideyuki	渡辺ヒデユキ
watanabe izumi	渡辺泉水
watanabe masumi	渡辺真澄
watanabe wataru	わたなべわたる
watanabe yoshimasa	わたなべよしまさ
watanuki azusa	綿貫梓
watanuki ron	綿貫ろん
watari kazuya	渡和矢
watsuki rumi	わつきるみ
wazakita	わざきた
will	ウィル
win win yutaka	win win 豊
windmill	こ〜ちゃ
wokasiya	ヲカシヤ
wolf taro	狼太郎
wolf tarou	狼太郎
xiaowoo	小武
y_at	わいあっと
yabitsu hiro	弥美津ヒロ
yabuki gou	矢吹豪
yaeda nagumo	八重田なぐも
yagami dai	やがみだい
yagami hiroki	八神ひろき
yagami ken	八神健
yagami kenkirou	矢上健喜朗
yagami shuuichi	八神秋一
yagawa maito	矢河真衣斗
yagyu ryu	柳生柳
yagyuu ryuu	柳生柳
yahiro pocchi	八尋ぽち
yahiro pochi	八尋ぽち
yajima index	矢島Index
yajima minoru	矢島みのる
yajiro masaru	野城まさる
yakata soukei	屋形宗慶
yakiniku king	焼肉キング
yakumi benishouga	薬味紅生姜
yakusho	やくしょ
yam	YAM
yama bicco	ヤマびっこ
yamabuki zarame	山吹ざらめ
yamada gogogo	山田ゴゴゴ
yamada ichizoku.	山田一族。
yamada kanan	山田可南
yamada maya	やまだまや
yamada mikan	山田みかん
yamada non	やまだノン
yamada nora	山田のら
yamada shouji	山田ショウジ
yamada shuutarou	山田秋太郎
yamada tahichi	山田タヒチ
yamada tarou (takei shouju)	山田太郎(竹井正樹)
yamada yugi	山田ユギ
yamada yuuya	ヤマダユウヤ
yamaguchi akira	山口陽
yamaguchi roman	山口ろまん
yamaguchi shouichi	山口昇一
yamahata rian	山畑璃杏
yamai	やまい
yamai sakatarou	山井逆太郎
yamamichi	やまみち
yamamoto ataru	山本アタル
yamamoto atsuji	山本貴嗣
yamamoto hiroshi	山本弘
yamamoto hyugo	山本ひゅーご
yamamoto johanne	山本夜羽音
yamamoto kazue	山本和枝
yamamoto kenji	山本賢治
yamamoto kumoi	山本雲居
yamamoto luna	ヤマモト月
yamamoto naoki	山本直樹
yamamoto saki	山本沙姫
yamamoto yoshifumi	山本よし文
yamamura natsuru	山村なつる
yaman**	yaman**
yamanashi kaname	月見里中
yamane ayano	やまねあやの
yamane musashi	やまねむさし
yamaneko suzume	山猫スズメ
yamano kitsune	矢間野狐
yamanobe kitta	やまのべきった
yamaoka koutetsurou	山岡鋼鉄郎
yamasaki atsushi	山崎あつし
yamasaki masato	山咲まさと
yamashita shunya	山下しゅんや
yamashita woory	多摩のりひこ(山下うり)
yamata no worochi	やまたのをろち
yamata shouji	山田ショウジ
yamato masaki	大和正樹
yamato masaomi	やまと将臣
yamato nadeshiko	大和撫子
yamato nase	大和名瀬
yamatogawa	大和川
yamatomaru keruwo	倭丸けるを
yamauchi shigetoshi	山内繁利
yamazaki kana	山崎かな
yamazaki kazuma	山崎かずま
yamazaki show	夜魔咲翔
yameta takashi	止田卓史
yaminabe	ヤミナベ
yamitsu hiro	弥美津ヒロ
yamiyo	ヤミヨ
yamizawa	ヤミザワ
yan-yam	Yan-Yam
yanagawa rio	やながわ理央
yanagi	柳瀬柳
yanagi hirohiko	柳ひろひこ
yanagi masashi	矢凪まさし
yanagihara mitsuki	柳原ミツキ
yano toshinori	矢野トシノリ
yanyo	やんよ
yaoichou narimasu	矢追町成増
yaoimachi narimasu	矢追町成増
yarai akira	イナフミン
yarii shimeta	槍衣七五三太
yasaka minato	八坂ミナト
yashiki eigo	屋敷エイゴ
yashiko	やしこ
yaski	Yaski
yasohachi ryo	八十八良
yasuhara tsukasa	安原司
yasui hirosato	やすいひろさと
yasui riosuke	ヤスイリオスケ
yasumo	やすも
yasumori zen	安森然
yasuno ikumi	安野育美
yatengetsu	夜天月
yatsuashimatomo	ヤツアシマトモ
yatsuki akehisa	八月明久
yawaraka midori	やわらかみどり
yaya hinata	稍日向
yayo	夜与
yazaki tooru	矢崎透
yo	yo
yo-jin	YO-JIN
yo-ka	妖華
yoki	よーき
yokkora	ヨッコラ
yokoi rego	橫井レゴ
yokoi rina	横井里奈
yokoshima nikki	よこしま日記
yokota kazuyuki	よこたかずゆき
yokota mamoru	横田守
yokoyama chicha	よこやまちちゃ
yokoyama lynch	横山私刑
yokoyama michiru	横山ミチル
yokoyama naoki	よこやまなおき
yokoyari mengo	横槍メンゴ
yomako	よまこ
yomibito shirazu	よみびとしらず
yomogi shigure	よもぎしぐれ
yomotsuka tsukasa	四方塚ツカサ
yomoyama akira	四方山哲
yomu	よむ
yonekura kengo	米倉けんご
yonemochi akihiko	米餠昭彦(なめぞう)
yonoi seiichiro	ヨノイ誠一郎
yontarou	よんたろう
yorisuke	よりすけ
yoriu mushi	寄生虫
yoroduya hyakuhachi	万屋百八
yoshi hyuuma	吉飛雄馬
yoshi milk	よしみるく
yoshiama renzou	吉天レンゾウ
yoshida	吉田
yoshida hebisaku	吉田蛇作
yoshida inuhito	吉田犬人
yoshida kei	よしだけい
yoshida tobio	吉田鳶牡
yoshifumi kaoru	ヨシフミカオル
yoshihama sakari	吉浜さかり
yoshihara maito	芳原舞人
yoshihiro kimura	木村義浩
yoshihisa tokimal	時丸佳久
yoshiie	由家
yoshika	ヨシカ
yoshimitsu kura	蔵吉光
yoshimura tatsumaki	吉村竜巻
yoshinari ayaka	吉成綾加
yoshino shiho	吉野志穂
yoshiro	夜士郎
yoshiron	よしろん
yoshiten	よし天
yoshitomi akihito	吉富昭仁
yoshiura kazuya	由浦カズヤ
yoshizaki yasumi	吉崎ヤスミ
yoshizawa kei	吉沢蛍
yoshizawa megane	吉沢メガネ
yoshu ohepe	養酒オヘペ
yosuke	よすけ
yosuteinu	世棄犬
yotsuba chika	四葉チカ
yotsuya masamune	よつやまさむね
youdou × sasahiro	謡堂 & 笹弘
youhei kozou	傭兵小僧
youkihi	陽気婢
younagi kahoru	夕凪薫
youta	夜歌
youtou sadamitsu	妖刀定密
yozorano neko	夜空野ねこ
yu	YU
yua	夕海
yugami goosyu	由上ゴーシュ
yugawara atami	湯河原あたみ
yui kantamaki	環々唯
yui toshiki	唯登詩樹
yui-7	YUI_7
yuiga naoha	由雅なおは
yuishi	ゆいし
yukari minemi	紫みねみ
yukarigawa yumiya	紫川弓夜
yukawa asami	由河朝巳
yuki shin	悠木しん
yuki tomoshi	幸灯
yukian	Yukian
yukibuster z	ユキバスターZ
yukie	ゆき恵
yukiguni omaru	雪國おまる
yukiji shia	雪路時愛
yukiji shia ('n'-cyak-m-mu-)	雪路時愛 (んーちゃかむーむー)
yukimi	ゆきみ
yukimino yukio	雪見野ユキオ
yukimura riko	雪村理子
yukino	ゆきの
yukino minato	雪野みなと
yukino tsukimi	雪乃つきみ
yukion	ゆきおん
yukiri takashi	ゆきりたかし
yukirin	YUKIRIN
yukiritakashi	ゆきりたかし
yukishiro yoshi	雪城よし
yukitaka	柚木貴
yukiusagi	ゆきうさぎ
yukiusagi.	ゆきうさぎ。
yukiwo	ユキヲ
yukiyanagi	ゆきやなぎ
yukiyoshi mamizu	ゆきよし真水
yukiyoshi masumi	ゆきよし真水
yuma satoru	柚摩サトル
yumano yuuki	有間乃ユウキ
yume kirei	由瞳綺麗
yumeiro gurasan	夢色ぐらさん
yumeno tanuki	夢乃狸
yumeno tanuki (brilliant thunder)	夢乃狸 (brilliant thunder)
yumeori amu	ゆめおりあむ
yumesaki itsumi	夢咲愛
yumesaki sanjuro	夢咲三十郎
yumesaki sanjurou	夢咲三十郎
yumesaki sanjurou (robazoku)	夢咲三十郎 (ロバ族)
yumi ichiro	友美イチロウ
yumi ichirou	友美イチロウ
yumiya yukarigawa	紫川弓夜
yumoteliuce	Yumoteliuce
yumura hiroyuki	ゆむら博雪
yunagi kahoru	夕凪薫
yuncha	ゆんちゃ*
yuncha*	ゆんちゃ*
yunioshi	ゆにおし
yuran	ゆらん
yuri ai	悠理愛
yuri kamome	友梨かもめ
yurihara aki	百合原明
yurikawa	ゆりかわ
yurino nao	ゆりの菜櫻
yusa	ゆさ
yusa mimori	遊佐魅森
yusura	山桜桃
yutaka tanaka	田中ユタカ
yutakame	ゆたかめ
yutarou hagiwara	萩原雄太郎
yuuga	ゆーが
yuugiri	夕霧
yuukari soft	ゆ～かりそふと
yuuki	悠宇樹
yuuki alice	夕姫ありす
yuuki hagure	憂姫はぐれ
yuuki homura	結城焔
yuuki makoto	悠樹真琴
yuuki mitsuru	結城みつる
yuuki mona	悠木もな
yuuki ray	ユウキレイ
yuuki rion	悠木りおん
yuuki ryo	結城稜
yuuki ryou	結城稜
yuuki tomoka	ゆうきともか
yuuki tsumugi	ゆうきつむぎ
yuumi kazuaki	優実かづあき
yuumyago	ゆうみゃご
yuunagi kahoru	夕凪薫
yuuri ai	悠理愛
yuushi tessen	柚子鉄線
yuuto	優斗
yuuya hirano	平野遊也
yuuzu tsushiro	ゆうづつしろ
yuzuha	ユズハ
yuzuha seiro	柚葉せいろ
yuzuhara tail	柚原テイル
yuzuhara takayuki × ponzu	柚原季之 & ぽん酢
yuzuki chihiro	柚樹ちひろ
yuzuki makii	柚木まき
yuzuki n dash	柚木N'
yuzuki n'	柚木N'
yuzuki n' dash	柚木N'
yuzuki rin	柚希りん
yuzunoki ichika	柚木イチカ
yuzupon	ゆずぽん
yuzuriha	ユズリハ
yuzuru iori	庵讓
yuzushiko	ゆずしこ
yō	yō
z-ton	Zトン
zaki zaraki	ザキザラキ
zakotsu	佐骨
zappa go	雑破業
zariya ranmaru	座裏屋蘭丸
zefido	ゼフィド
zen9	Zen9
zenra yashiki	全裸屋敷
zero no mono	ゼロの者
zero tanuki	零狸
zerry fujio	ZERRY藤尾
zessekaishonen	絶世界少年
zol	ZOL
zonda	ぞんだ
zucchini	ズッキーニ
zukiki	ZUKI樹
zukky	Zukky
zummy	Zummy
zundarepon	ズンタレぽん
zunta	zunta
zutta	Zutta
zyx	ZyX
